{
  "type": "FeatureCollection",
  "features": [
    {
      "type": "Feature",
      "geometry": {
        "type": "Point",
        "coordinates": [
          100.776059,
          13.721778
        ]
      },
      "properties": {
        "name": "อุบัติเหตุ ถนนลาดกระบัง",
        "description": "ถนนลาดกระบัง แขวงลาดกระบัง เขตลาดกระบัง กรุงเทพมหานคร 10520",
        "time": "2026-10-07T14:54:04.873907+00:00",
        "source": "iTIC/Longdo"
      }
    },
    {
      "type": "Feature",
      "geometry": {
        "type": "Point",
        "coordinates": [
          100.52837714553,
          13.754507993761
        ]
      },
      "properties": {
        "name": "อุบัติเหตุ ปากซอยเพชรบุรี 5 (ซอยวิทยาลัยครูเพชรบุรี)",
        "description": "ปากซอยเพชรบุรี 5 มีอุบัติเหตุ (รถสามล้อ ชนกับ รถนั่งส่วนบุคคล) กีดขวางการจราจร เลนซ้าย \r\n\r\nCr.@Traffic_1197",
        "time": "2026-10-07T14:54:04.873957+00:00",
        "source": "iTIC/Longdo"
      }
    },
    {
      "type": "Feature",
      "geometry": {
        "type": "Point",
        "coordinates": [
          101.05174960798,
          13.693247700733
        ]
      },
      "properties": {
        "name": "น้ำท่วมทางหลวง 304 ช่วงคลองหลวงแพ่ง - ฉะเชิงเทรา (ผ่านได้)",
        "description": "น้ำท่วมผิวจราจร ทางหลวงหมายเลข 304 ช่วงคลองหลวงแพ่ง - ฉะเชิงเทรา กม.ที่ 68+600 - 68+700 ต.โสธร อ.เมืองฉะเชิงเทรา จ.ฉะเชิงเทรา\nสาเหตุ: เนื่องจากฝนตกหนัก ทำให้น้ำท่วมขังผิวจราจร\nการแก้ไขเบื้องต้น: เจ้าหน้าที่หมวดทางหลวงบ้านโพธิ์ ได้อำนวยความสะดวกและความปลอดภัยแก่ผู้ใช้ทาง",
        "time": "2026-10-07T14:54:04.873981+00:00",
        "source": "iTIC/Longdo"
      }
    },
    {
      "type": "Feature",
      "geometry": {
        "type": "Point",
        "coordinates": [
          101.05148434639,
          13.693394857796
        ]
      },
      "properties": {
        "name": "น้ำท่วมทางหลวง 304 ช่วงคลองหลวงแพ่ง - ฉะเชิงเทรา (ผ่านได้)",
        "description": "น้ำท่วมผิวจราจร ทางหลวงหมายเลข 304 ช่วงคลองหลวงแพ่ง - ฉะเชิงเทรา กม.ที่ 68+119 - 70+102 ต.โสธร อ.เมืองฉะเชิงเทรา จ.ฉะเชิงเทรา\nสาเหตุ: เนื่องจากฝนตกหนัก ทำให้น้ำท่วมขังผิวจราจร\nการแก้ไขเบื้องต้น: เจ้าหน้าที่หมวดทางหลวงบ้านโพธิ์ ได้อำนวยความสะดวกและความปลอดภัยแก่ผู้ใช้ทาง",
        "time": "2026-10-07T14:54:04.874001+00:00",
        "source": "iTIC/Longdo"
      }
    },
    {
      "type": "Feature",
      "geometry": {
        "type": "Point",
        "coordinates": [
          101.19959217487,
          14.04048164384
        ]
      },
      "properties": {
        "name": "น้ำท่วมทางหลวง 3076 ช่วงนครนายก - บางหอย (ผ่านได้)",
        "description": "น้ำท่วมผิวจราจร ทางหลวงหมายเลข 3076 ช่วงนครนายก - บางหอย กม.ที่ 19+200 - 20+800 ต.ศรีจุฬา อ.เมืองนครนายก จ.นครนายก\nสาเหตุ: ฝนตกหนักติดต่อกันเป็นเวลานานทำให่เกิดน้ำท่วมขัง ปริมาณน้ำรอการระบาย\nการแก้ไขเบื้องต้น: อำนวยการจราจร",
        "time": "2026-10-07T14:54:04.874020+00:00",
        "source": "iTIC/Longdo"
      }
    },
    {
      "type": "Feature",
      "geometry": {
        "type": "Point",
        "coordinates": [
          100.98687230532,
          14.147908780635
        ]
      },
      "properties": {
        "name": "น้ำท่วมทางหลวง 305 ช่วงองครักษ์ - นครนายก (ผ่านได้)",
        "description": "น้ำท่วมขังผิวจราจร ทางหลวงหมายเลข 305 ช่วงองครักษ์ - นครนายก กม.ที่ 47+300 - 47+800 ต.บางปลากด อ.องครักษ์ จ.นครนายก\nสาเหตุ: ฝนตกหนักติดต่อกันเป็นเวลานานทำให่เกิดน้ำท่วมขัง ปริมาณน้ำรอการระบาย\nการแก้ไขเบื้องต้น: อำนวยการจราจร",
        "time": "2026-10-07T14:54:04.874038+00:00",
        "source": "iTIC/Longdo"
      }
    },
    {
      "type": "Feature",
      "geometry": {
        "type": "Point",
        "coordinates": [
          100.99464363959,
          14.125399129604
        ]
      },
      "properties": {
        "name": "น้ำท่วมทางหลวง 305 ช่วงองครักษ์ - นครนายก (ผ่านได้)",
        "description": "น้ำท่วมขังผิวจราจร ทางหลวงหมายเลข 305 ช่วงองครักษ์ - นครนายก กม.ที่ 44+500 - 46+600 ต.คลองใหญ่ อ.องครักษ์ จ.นครนายก\nสาเหตุ: ฝนตกหนักติดต่อกันเป็นเวลานานทำให้เกิดน้ำท่วมขัง ปริมาณน้ำรอการระบาย\nการแก้ไขเบื้องต้น: อำนวยการจราจร",
        "time": "2026-10-07T14:54:04.874055+00:00",
        "source": "iTIC/Longdo"
      }
    },
    {
      "type": "Feature",
      "geometry": {
        "type": "Point",
        "coordinates": [
          101.24432455891,
          13.197670822801
        ]
      },
      "properties": {
        "name": "น้ำท่วมทางหลวง 344 ช่วงหนองปรือ - คลองเขต (ผ่านได้)",
        "description": "ฝนตกต่อเนื่องทำให้น้ำท่วมผิวจราจร ทางหลวงหมายเลข 344 ช่วงหนองปรือ - คลองเขต กม.ที่ 35+550 - 35+750 ต.หนองไผ่แก้ว อ.บ้านบึง จ.ชลบุรี\nสาเหตุ: เนื่องจากมีฝนตกเป็นเวลานานทำให้น้ำท่วมผิวจราจร\nการแก้ไขเบื้องต้น: หมวดฯ ได้ทำการติดตั้งป้ายเตือน และตั้งกรวย ไม่ต้องหรอกบริเวณน้ำท่วม",
        "time": "2026-10-07T14:54:04.874070+00:00",
        "source": "iTIC/Longdo"
      }
    },
    {
      "type": "Feature",
      "geometry": {
        "type": "Point",
        "coordinates": [
          100.84719926119,
          13.612150776622
        ]
      },
      "properties": {
        "name": "น้ำท่วม ยูนิเวอซิตี้ อเวนิว",
        "description": "น้ำท่วม เอแบค บางนา ทางหลวงชนบทหมายเลข สป.2003 ต.บางบ่อ อ.บางบ่อ จ.สมุทรปราการ\r\n\r\nCr.NT",
        "time": "2026-10-07T14:54:04.874110+00:00",
        "source": "iTIC/Longdo"
      }
    },
    {
      "type": "Feature",
      "geometry": {
        "type": "Point",
        "coordinates": [
          100.97968831658,
          14.111357736026
        ]
      },
      "properties": {
        "name": "น้ำท่วม มศว องครักษ์ ทางหลวงแผ่นดินหมายเลข 305",
        "description": "น้ำท่วม มศว องครักษ์ ทางหลวงแผ่นดินหมายเลข 305 ต.คลองใหญ่ อ.องครักษ์ จ.นครนายก\r\n\r\nCr.JS 100",
        "time": "2026-10-07T14:54:04.874128+00:00",
        "source": "iTIC/Longdo"
      }
    },
    {
      "type": "Feature",
      "geometry": {
        "type": "Point",
        "coordinates": [
          100.61959773302,
          13.985161323784
        ]
      },
      "properties": {
        "name": "น้ำท่วม ถนนรังสิต-นครนายก",
        "description": "น้ำท่วม หน้า โรงพยาบาล เปาโล รังสิต ถนนรังสิต-นครนายก ต.ประชาธิปัตย์ อ.ธัญบุรี จ.ปทุมธานี \r\n\r\nCr.JS 100",
        "time": "2026-10-07T14:54:04.874145+00:00",
        "source": "iTIC/Longdo"
      }
    },
    {
      "type": "Feature",
      "geometry": {
        "type": "Point",
        "coordinates": [
          100.72136878967,
          13.933966829484
        ]
      },
      "properties": {
        "name": "น้ำท่วมทางหลวง 3312 ช่วงลำลูกกา - คลอง16 (ผ่านได้)",
        "description": "น้ำท่วมขังผิวจราจรทล.3312 ทางหลวงหมายเลข 3312 ช่วงลำลูกกา - คลอง16 กม.ที่ 12+348 - 13+200 ต.บึงคำพร้อย อ.ลำลูกกา จ.ปทุมธานี\nสาเหตุ: เนื่องจากเกิดฝนตกหนักติดต่อกันเป็นเวลานาน ทำให้เกิดน้ำขังบนผิวจราจร ปริมาณน้ำรอการระบาย\nการแก้ไขเบื้องต้น: จัดเจ้าหน้าที่อำนวยความสะดวกและติดตั้งป้ายเตือน",
        "time": "2026-10-07T14:54:04.874163+00:00",
        "source": "iTIC/Longdo"
      }
    },
    {
      "type": "Feature",
      "geometry": {
        "type": "Point",
        "coordinates": [
          100.127286867,
          13.504619308081
        ]
      },
      "properties": {
        "name": "น้ำท่วมทางหลวง 35 ช่วงสะพานข้ามแม่น้ำท่าจีนฝั่งตะวันตก - นาโคก (ผ่านได้)",
        "description": "น้ำท่วมผิวจราจร ทางหลวงหมายเลข 35 ช่วงสะพานข้ามแม่น้ำท่าจีนฝั่งตะวันตก - นาโคก กม.ที่ 45+100 - 46+500 ต.กาหลง อ.เมืองสมุทรสาคร จ.สมุทรสาคร\nสาเหตุ: ฝนตกหนักต่อเนื่อง\nการแก้ไขเบื้องต้น:",
        "time": "2026-10-07T14:54:04.874180+00:00",
        "source": "iTIC/Longdo"
      }
    },
    {
      "type": "Feature",
      "geometry": {
        "type": "Point",
        "coordinates": [
          100.48196554184,
          14.582025384811
        ]
      },
      "properties": {
        "name": "น้ำท่วมทางหลวง 32 ช่วงอ่างทอง-ไชโย (ผ่านได้)",
        "description": "น้ำท่วมขัง ทล.32 ระหว่าง กม.50+050-กม.50+100 (บริเวณภูมิทัศน์ต่างระดับอ่างทอง) ทางหลวงหมายเลข 32 ช่วงอ่างทอง-ไชโย กม.ที่ 50+050 - 50+100 ต.บ้านอิฐ อ.เมืองอ่างทอง จ.อ่างทอง\nสาเหตุ: เนื่องจากมีฝนตกหนักถึงหนักมากเป็นเวลานานทำให้มีน้ำท่วมขังบริเวณภูมิทัศน์ต่างระดับอ่างทองในทางหลวงหมายเลข 32 ตอน อ่างทอง - ไชโย ระหว่าง กม.50+050-กม.50+100\nการแก้ไขเบื้องต้น: เจ้าหน้าที่หมวดทางหลวงอ่างทองดำเนินการสูบน้ำออกจากภูมิทัศน์",
        "time": "2026-10-07T14:54:04.874198+00:00",
        "source": "iTIC/Longdo"
      }
    },
    {
      "type": "Feature",
      "geometry": {
        "type": "Point",
        "coordinates": [
          100.57273641678,
          14.010550325916
        ]
      },
      "properties": {
        "name": "น้ำท่วมทางหลวง 3309 ช่วงบ้านกระแชง - บางพูน (ผ่านได้)",
        "description": "น้ำท่วมขัง ทล.3309 ทางหลวงหมายเลข 3309 ช่วงบ้านกระแชง - บางพูน กม.ที่ 37+900 - 38+300 ต.สวนพริกไทย อ.เมืองปทุมธานี จ.ปทุมธานี\nสาเหตุ: ฝนตกหนัก ทำให้น้ำท่วมขัง1ช่องจราจร\nการแก้ไขเบื้องต้น:",
        "time": "2026-10-07T14:54:04.874214+00:00",
        "source": "iTIC/Longdo"
      }
    },
    {
      "type": "Feature",
      "geometry": {
        "type": "Point",
        "coordinates": [
          100.13116483492,
          13.522904256017
        ]
      },
      "properties": {
        "name": "น้ำท่วมทางหลวง 3274 ช่วงหลักสาม - บางโทรัด (ผ่านได้)",
        "description": "น้ำท่วมผิวทาง ทล.3274 ทางหลวงหมายเลข 3274 ช่วงหลักสาม - บางโทรัด กม.ที่ 3+500 - 5+500 ต.ยกกระบัตร อ.บ้านแพ้ว จ.สมุทรสาคร\nสาเหตุ: น้ำทะเลหนุน และฝนตกหนัก ทำให้น้ำท่วมขัง\nการแก้ไขเบื้องต้น: เจ้าหน้าที่หมวดทางหลวงได้ดำเนินการติดตั้งป้ายอำนวยความปลอดภัย",
        "time": "2026-10-07T14:54:04.874231+00:00",
        "source": "iTIC/Longdo"
      }
    },
    {
      "type": "Feature",
      "geometry": {
        "type": "Point",
        "coordinates": [
          99.603548003699,
          13.80749670723
        ]
      },
      "properties": {
        "name": "น้ำท่วมทางหลวง 3209 ช่วงท่ามะกา - กลอนโด (ผ่านได้)",
        "description": "น้ำท่วมผิวจราจร ทางหลวงหมายเลข 3209 ช่วงท่ามะกา - กลอนโด กม.ที่ 24+100 - 24+200 ต.พังตรุ อ.ท่าม่วง จ.กาญจนบุรี\nสาเหตุ: ฝนตกหนักติดต่อเป็นเวลานาน\nการแก้ไขเบื้องต้น: เจ้าหน้าที่หมวดฯท่าม่วง อำนวยความสะดวกและความปลอดภัย",
        "time": "2026-10-07T14:54:04.874248+00:00",
        "source": "iTIC/Longdo"
      }
    },
    {
      "type": "Feature",
      "geometry": {
        "type": "Point",
        "coordinates": [
          100.62264646307,
          13.985850746153
        ]
      },
      "properties": {
        "name": "น้ำท่วมทางหลวง 305 ช่วงต่างระดับรังสิต - วัดนาบุญ (ผ่านได้)",
        "description": "น้ำท่วมรอระบาย ระดับน้ำคลองสูง ต่างระดับรังสิตมุ่งหน้า ทล.305 ทางหลวงหมายเลข 305 ช่วงต่างระดับรังสิต - วัดนาบุญ กม.ที่ 0+000 - 0+160 ต.ประชาธิปัตย์ อ.ธัญบุรี จ.ปทุมธานี\nสาเหตุ: ฝนตกหนัก/ระดับน้ำคลิงสูง\nการแก้ไขเบื้องต้น:",
        "time": "2026-10-07T14:54:04.874265+00:00",
        "source": "iTIC/Longdo"
      }
    },
    {
      "type": "Feature",
      "geometry": {
        "type": "Point",
        "coordinates": [
          100.61473822405,
          13.994301263578
        ]
      },
      "properties": {
        "name": "น้ำท่วมทางหลวง 1 ช่วงสนามกีฬาธูปะเตมีย์ - ต่างระดับคลองหลวง (ผ่านได้)",
        "description": "ฝนตกหนักน้ำท่วมทาง ทล.1 กม.32+650 - 38+750 ทางขนานด้านซ้ายทาง ทางหลวงหมายเลข 1 ช่วงสนามกีฬาธูปะเตมีย์ - ต่างระดับคลองหลวง กม.ที่ 32+650 - 38+750 ต.ประชาธิปัตย์ อ.ธัญบุรี จ.ปทุมธานี\nสาเหตุ: ฝนตกหนักน้พท่วมรอระบายระดับน้ำในคลองสูง\nการแก้ไขเบื้องต้น:",
        "time": "2026-10-07T14:54:04.874281+00:00",
        "source": "iTIC/Longdo"
      }
    },
    {
      "type": "Feature",
      "geometry": {
        "type": "Point",
        "coordinates": [
          101.69468457899,
          15.36425184729
        ]
      },
      "properties": {
        "name": "น้ำท่วมทางหลวง 2217 ช่วงด่านขุนทด - หนองกราด (ผ่านได้)",
        "description": "อัพเดท น้ำท่วม ทางหลวงหมายเลข 2217 ช่วงด่านขุนทด - หนองกราด กม.ที่ 20+080 - 20+350 ต.หนองกราด อ.ด่านขุนทด จ.นครราชสีมา\nสาเหตุ: เนื่องจากปริมาณน้ำฝนสะสม น้ำระบายไม่ทัน ทำให้เกิดน้ำ ล้นเข้าพื้นที่ผิวจราจร\nการแก้ไขเบื้องต้น: เจ้าหน้าที่หมวดทางหลวงด่านขุนทด ได้ดำเนินการติดตั้งอุปกรณ์ อำนวยความปลอดภัยด้านการจราจร รถเล็กสามารถผ่านได้ 1 ช่องจราจร (เลน RT.)\n0862581928\nนายไชยวัฒน์ มีสุข\n(นายช่างโยธาชำนาญงาน)\nชม.ขท.ด่านขุนทด",
        "time": "2026-10-07T14:54:04.874297+00:00",
        "source": "iTIC/Longdo"
      }
    },
    {
      "type": "Feature",
      "geometry": {
        "type": "Point",
        "coordinates": [
          101.69608296588,
          15.360134710161
        ]
      },
      "properties": {
        "name": "น้ำท่วมทางหลวง 2217 ช่วงด่านขุนทด - หนองกราด (ผ่านได้)",
        "description": "อัพเดท น้ำท่วม ทางหลวงหมายเลข 2217 ช่วงด่านขุนทด - หนองกราด กม.ที่ 19+600 - 19+900 ต.หนองกราด อ.ด่านขุนทด จ.นครราชสีมา\nสาเหตุ: เนื่องจากปริมาณน้ำฝนสะสม น้ำระบายไม่ทัน ทำให้เกิดน้ำล้นเข้าพื้นที่ผิวจราจร\nการแก้ไขเบื้องต้น: เจ้าหน้าที่หมวดทางหลวงด่านขุนทด ได้ดำเนินการติดตั้งอุปกรณ์ อำนวยความปลอดภัยทางการจราจร รถเล็กสามารถผ่านได้ 1 ช่องจราจร (เลน RT.) \n0862581928\nนายไชยวัฒน์ มีสุข\n(นายช่างโยธาชำนาญงาน)\nชม.ขท.ด่านขุนทด",
        "time": "2026-10-07T14:54:04.874313+00:00",
        "source": "iTIC/Longdo"
      }
    },
    {
      "type": "Feature",
      "geometry": {
        "type": "Point",
        "coordinates": [
          99.700992968599,
          13.589389429402
        ]
      },
      "properties": {
        "name": "น้ำท่วมทางหลวง 3087 ช่วงราชบุรี - แก้มอ้น (ผ่านได้)",
        "description": "น้ำท่มผิวทาง ทางหลวงหมายเลข 3087 ช่วงราชบุรี - แก้มอ้น กม.ที่ 15+000 - 15+800 ต.หินกอง อ.เมืองราชบุรี จ.ราชบุรี\nสาเหตุ: ฝนตกหนัก น้ำท่วมผิวทาง\nการแก้ไขเบื้องต้น: จัดชุดเจ้าหน้าที่พร้อมอุปกรณ์อำนวยความปลอดภัย ป้ายเตือน ไฟกระพริบ",
        "time": "2026-10-07T14:54:04.874330+00:00",
        "source": "iTIC/Longdo"
      }
    },
    {
      "type": "Feature",
      "geometry": {
        "type": "Point",
        "coordinates": [
          99.462344252728,
          16.408433326349
        ]
      },
      "properties": {
        "name": "น้ำท่วมทางหลวง 1117 ช่วงคลองแม่ลาย - ช่องเย็น (ผ่านได้)",
        "description": "น้ำท่วมผิวทางจราจร ทางหลวงหมายเลข 1117 ช่วงคลองแม่ลาย - ช่องเย็น กม.ที่ 6+500 - 7+300 ต.ท่าขุนราม อ.เมืองกำแพงเพชร จ.กำแพงเพชร\nสาเหตุ: เนื่องจากมีฝนตกหนักเป็นเวลานาน ทำให้น้ำท่วมผิวทางจราจร\nการแก้ไขเบื้องต้น: เจ้าหน้าที่หมวดทางหลวงคลองลานพัฒนา ดำเนินการติดตั้งป้ายเตือนและติดตั้งกรวยยาง เพื่ออำนวยความปลอดภัยด้านการจราจร",
        "time": "2026-10-07T14:54:04.874345+00:00",
        "source": "iTIC/Longdo"
      }
    },
    {
      "type": "Feature",
      "geometry": {
        "type": "Point",
        "coordinates": [
          100.16234143716,
          13.517202842536
        ]
      },
      "properties": {
        "name": "น้ำท่วมทางหลวง 35 ช่วงสะพานข้ามแม่น้ำท่าจีนฝั่งตะวันตก - นาโคก (ผ่านได้)",
        "description": "น้ำท่วมผิวจราจร ทางหลวงหมายเลข 35 ช่วงสะพานข้ามแม่น้ำท่าจีนฝั่งตะวันตก - นาโคก กม.ที่ 41+000 - 44+300 ต.บางโทรัด อ.เมืองสมุทรสาคร จ.สมุทรสาคร\nสาเหตุ: ฝนตกหนักต่อเนื่อง\nการแก้ไขเบื้องต้น:",
        "time": "2026-10-07T14:54:04.874361+00:00",
        "source": "iTIC/Longdo"
      }
    },
    {
      "type": "Feature",
      "geometry": {
        "type": "Point",
        "coordinates": [
          100.16234143716,
          13.517202842536
        ]
      },
      "properties": {
        "name": "น้ำท่วมทางหลวง 35 ช่วงสะพานข้ามแม่น้ำท่าจีนฝั่งตะวันตก - นาโคก (ผ่านได้)",
        "description": "น้ำท่วมผิวจราจร ทางหลวงหมายเลข 35 ช่วงสะพานข้ามแม่น้ำท่าจีนฝั่งตะวันตก - นาโคก กม.ที่ 41+000 - 44+300 ต.บางโทรัด อ.เมืองสมุทรสาคร จ.สมุทรสาคร\nสาเหตุ: ฝนตกหนักต่อเนื่อง\nการแก้ไขเบื้องต้น:",
        "time": "2026-10-07T14:54:04.874377+00:00",
        "source": "iTIC/Longdo"
      }
    },
    {
      "type": "Feature",
      "geometry": {
        "type": "Point",
        "coordinates": [
          100.16321994181,
          13.517471684038
        ]
      },
      "properties": {
        "name": "น้ำท่วมทางหลวง 35 ช่วงสะพานข้ามแม่น้ำท่าจีนฝั่งตะวันตก - นาโคก (ผ่านได้)",
        "description": "น้ำท่วมผิวจราจร ทางหลวงหมายเลข 35 ช่วงสะพานข้ามแม่น้ำท่าจีนฝั่งตะวันตก - นาโคก กม.ที่ 41+100 - 44+300 ต.บางโทรัด อ.เมืองสมุทรสาคร จ.สมุทรสาคร\nสาเหตุ: ฝนตกหนักต่อเนื่อง\nการแก้ไขเบื้องต้น:",
        "time": "2026-10-07T14:54:04.874393+00:00",
        "source": "iTIC/Longdo"
      }
    },
    {
      "type": "Feature",
      "geometry": {
        "type": "Point",
        "coordinates": [
          99.141289337763,
          16.099846795991
        ]
      },
      "properties": {
        "name": "น้ำท่วมทางหลวง 1117 ช่วงคลองแม่ลาย - ช่องเย็น (ผ่านได้)",
        "description": "ดินสไลด์ ทางหลวงหมายเลข 1117 ช่วงคลองแม่ลาย - ช่องเย็น กม.ที่ 86+040 - 91+140 ต.คลองลานพัฒนา อ.คลองลาน จ.กำแพงเพชร\nสาเหตุ: เนื่องจากฝนตกหนักสะสมเป็นเวลาหลายวันทำให้ดินและต้นไม้เกิดการสไลด์ ทับเส้นทางจราจร (เป็นแห่งๆ)\nการแก้ไขเบื้องต้น: เจ้าหน้าที่หมวดคลองลานพัฒนาได้ดำเนินการติดตั้งป้ายเตือนและติดตั้งกรวยยางปิดช่องจราจรที่ซึ่งไม่สามารถสัญจรได้",
        "time": "2026-10-07T14:54:04.874409+00:00",
        "source": "iTIC/Longdo"
      }
    },
    {
      "type": "Feature",
      "geometry": {
        "type": "Point",
        "coordinates": [
          99.142274197285,
          16.102605787541
        ]
      },
      "properties": {
        "name": "น้ำท่วมทางหลวง 1117 ช่วงคลองแม่ลาย - ช่องเย็น (ผ่านได้)",
        "description": "ดินสไลด์ ทางหลวงหมายเลข 1117 ช่วงคลองแม่ลาย - ช่องเย็น กม.ที่ 85+370 - 85+460 ต.คลองลานพัฒนา อ.คลองลาน จ.กำแพงเพชร\nสาเหตุ: เนื่องจากฝนตกหนักสะสมเป็นเวลาหลายวัน ทำให้ดินและต้นไม้สไลด์ทับเส้นทางจราจร\nการแก้ไขเบื้องต้น: เจ้าหน้าที่หมวดทางหลวงคลองลานพัฒนาได้ดำเนินการติดตั้งป้ายเตือนและติดตั้งกรวยยางปิดช่องจราจรที่ซึ่งไม่สามารถสัญจรได้",
        "time": "2026-10-07T14:54:04.874425+00:00",
        "source": "iTIC/Longdo"
      }
    },
    {
      "type": "Feature",
      "geometry": {
        "type": "Point",
        "coordinates": [
          99.155901619208,
          16.113916837377
        ]
      },
      "properties": {
        "name": "น้ำท่วมทางหลวง 1117 ช่วงคลองแม่ลาย - ช่องเย็น (ผ่านได้)",
        "description": "ดินสไลด์ ทางหลวงหมายเลข 1117 ช่วงคลองแม่ลาย - ช่องเย็น กม.ที่ 81+950 - 84+730 ต.คลองลานพัฒนา อ.คลองลาน จ.กำแพงเพชร\nสาเหตุ: เนื่องจากฝนตกหนักสะสมเป็นเวลาหลายวัน ทำให้ดินและต้นไม้เกิดการสไลด์ ทับเส้นทางจราจร (เป็นแห่งๆ)\nการแก้ไขเบื้องต้น: เจ้าหน้าที่หมวดทางหลวงคลองลานพัฒนา ได้ดำเนินการติดตั้งป้ายเตือนและติดตั้งกรวยยางปิดช่องจราจรที่ซึ่งไม่สามารถสัญจรได้",
        "time": "2026-10-07T14:54:04.874442+00:00",
        "source": "iTIC/Longdo"
      }
    },
    {
      "type": "Feature",
      "geometry": {
        "type": "Point",
        "coordinates": [
          100.64123805164,
          14.191789394195
        ]
      },
      "properties": {
        "name": "น้ำท่วมทางหลวง 1 ช่วงต่างระดับบางปะอิน - หนองแค (ผ่านได้)",
        "description": "น้ำท่วมผิวจราจร ทางหลวงหมายเลข 1 ช่วงต่างระดับบางปะอิน - หนองแค กม.ที่ 55+900 - 56+000 ต.ลำไทร อ.วังน้อย จ.พระนครศรีอยุธยา\nสาเหตุ: น้ำรอการระบาย\nการแก้ไขเบื้องต้น:",
        "time": "2026-10-07T14:54:04.874458+00:00",
        "source": "iTIC/Longdo"
      }
    },
    {
      "type": "Feature",
      "geometry": {
        "type": "Point",
        "coordinates": [
          99.113140577197,
          16.10074939341
        ]
      },
      "properties": {
        "name": "น้ำท่วมทางหลวง 1117 ช่วงคลองแม่ลาย - ช่องเย็น (ผ่านได้)",
        "description": "คันทางสไลด์และผิวทางทรุดตัว ทางหลวงหมายเลข 1117 ช่วงคลองแม่ลาย - ช่องเย็น กม.ที่ 92+000 - 92+020 ต.คลองลานพัฒนา อ.คลองลาน จ.กำแพงเพชร\nสาเหตุ: เนื่องจากฝนตกหนักเป็นเวลาหลายวัน ทำให้คันทางสไลด์และโครงสร้างทางถูกน้ำกัดเซาะ เป็นเหตุให้ผิวทางจราจรเกิดการทรุดตัว\nการแก้ไขเบื้องต้น: เจ้าหน้าที่หมวดคลองลานพัฒนาได้ดำเนินการติดตั้งป้ายเตือนและติดตั้งกรวยยาง การจราจรผ่านได้",
        "time": "2026-10-07T14:54:04.874474+00:00",
        "source": "iTIC/Longdo"
      }
    },
    {
      "type": "Feature",
      "geometry": {
        "type": "Point",
        "coordinates": [
          100.44536571908,
          14.447006583227
        ]
      },
      "properties": {
        "name": "น้ำท่วมทางหลวง 3501 ช่วงอ่างทอง - บางหลวงโดด (ผ่านได้)",
        "description": "รายงานน้ำท่วม ทล.3501 กม.19+700 - 20+000 ทางหลวงหมายเลข 3501 ช่วงอ่างทอง - บางหลวงโดด กม.ที่ 19+700 - 20+000 ต.โผงเผง อ.ป่าโมก จ.อ่างทอง\nสาเหตุ: ระดับน้ำในแม่น้ำเจ้าพระยาเพิ่มสูงขึ้น ล้นตลิ่ง เข้าท่วมผิวทาง\nการแก้ไขเบื้องต้น: หมวดทางหลวงป่าโมกอำนวยการจราจร พร้อมดำเนินการตั้งคันกั้นน้ำ",
        "time": "2026-10-07T14:54:04.874490+00:00",
        "source": "iTIC/Longdo"
      }
    },
    {
      "type": "Feature",
      "geometry": {
        "type": "Point",
        "coordinates": [
          101.215286,
          13.951341
        ]
      },
      "properties": {
        "name": "น้ำท่วมทางหลวง 3481 ช่วงบางขนาก - ปราจีนบุรี (ผ่านไม่ได้)",
        "description": "น้ำท่วม ทล.3481 กม.36+650-กม.39+000 ทางหลวงหมายเลข 3481 ช่วงบางขนาก - ปราจีนบุรี กม.ที่ 36+650 - 39+000 ต.บางเตย อ.บ้านสร้าง จ.ปราจีนบุรี\nสาเหตุ: เนื่องจากฝนตกหนักทำให้น้ำล้นตลิ่งทำให่เกิดน้ำท่วมบนท้องถนนรถเล็กไม่สามารถผ่านได้\nการแก้ไขเบื้องต้น: หมวดทางหลวงบ้านสร้างอำนวยความสะดวกแก่ประชาชน (เบอร์ติดต่อประสานงาน 0815351419 นายบุญเรือง สุขหอม หัวหน้าหมวดทางหลวงบ้านสร้าง)",
        "time": "2026-10-07T14:54:04.874506+00:00",
        "source": "iTIC/Longdo"
      }
    },
    {
      "type": "Feature",
      "geometry": {
        "type": "Point",
        "coordinates": [
          101.02013557313,
          13.144425601846
        ]
      },
      "properties": {
        "name": "น้ำท่วมทางหลวง 3241 ช่วงศรีราชา - อ่างเก็บน้ำหนองค้อ (ผ่านได้)",
        "description": "ยุติผิวจราจรยุบตัว ทางหลวงหมายเลข 3241 ช่วงศรีราชา - อ่างเก็บน้ำหนองค้อ กม.ที่ 10+400 - 10+400 ต.หนองขาม อ.ศรีราชา จ.ชลบุรี\nสาเหตุ: ตรวจสอบพบผิวจราจรยุบตัว ประสานหน่วยงานท้องถิ่นร่วมตรวจสอบ โดยขุดเปิดหาสาเหตุ\nการแก้ไขเบื้องต้น: ติดตั้งป้ายเตือน จัดการจราจร ลงพื้นที่ร่วมกับหน่วยงานท้องถิ่น ปะซ่อมผิวจราจร",
        "time": "2026-10-07T14:54:04.874522+00:00",
        "source": "iTIC/Longdo"
      }
    },
    {
      "type": "Feature",
      "geometry": {
        "type": "Point",
        "coordinates": [
          99.980735778809,
          14.503642387891
        ]
      },
      "properties": {
        "name": "น้ำท่วมทางหลวง 3460 ช่วงสระแก้ว - หนองโดก (ผ่านได้)",
        "description": "น้ำท่วมขังบริเวณไหล่ทาง ทางหลวงหมายเลข 3460 ช่วงสระแก้ว - หนองโดก กม.ที่ 3+787 - 3+868 ต.สระแก้ว อ.เมืองสุพรรณบุรี จ.สุพรรณบุรี\nสาเหตุ: สถานการณ์ ขณะนี้มีประมาณน้ำในทุ่นาเพิ่มขึ้น ทำให้น้ำท่วมขังบริเวณไหล่ทาง\nการแก้ไขเบื้องต้น: หมวดทางหลวงดอนเจดีย์ ทำการกั้นกระสอบทรายน้ำท่วมขังบริเวณไหล่ทาง และจะดำเนินเฝ้าระวังอย่างต่อเนื่อง",
        "time": "2026-10-07T14:54:04.874537+00:00",
        "source": "iTIC/Longdo"
      }
    },
    {
      "type": "Feature",
      "geometry": {
        "type": "Point",
        "coordinates": [
          101.105222,
          13.631735
        ]
      },
      "properties": {
        "name": "น้ำท่วมทางหลวง 315 ช่วงฉะเชิงเทรา - หัวไผ่ (ผ่านได้)",
        "description": "น้ำท่วมผิวจราจร ทางหลวงหมายเลข 315 ช่วงฉะเชิงเทรา - หัวไผ่ กม.ที่ 3+460 - 3+800 ต.ดอนทราย อ.บ้านโพธิ์ จ.ฉะเชิงเทรา\nสาเหตุ: เนื่องจากเกิดฝนตกหนักทำให้น้ำท่วมผิวจราจร\nการแก้ไขเบื้องต้น: เจ้าหน้าที่หมวดทางหลวงสิบเอ็ดศอกได้อำนวยความสะดวกและความปลอดภัยเรียบร้อย",
        "time": "2026-10-07T14:54:04.874553+00:00",
        "source": "iTIC/Longdo"
      }
    },
    {
      "type": "Feature",
      "geometry": {
        "type": "Point",
        "coordinates": [
          101.15131006019,
          13.659560536291
        ]
      },
      "properties": {
        "name": "น้ำท่วมทางหลวง 304 ช่วงฉะเชิงเทรา - เสม็ดเหนือ (ผ่านได้)",
        "description": "น้ำท่วมผิวจราจร ทางหลวงหมายเลข 304 ช่วงฉะเชิงเทรา - เสม็ดเหนือ กม.ที่ 79+500 - 82+700 ต.เสม็ดใต้ อ.บางคล้า จ.ฉะเชิงเทรา\nสาเหตุ: เนื่องจากเกิดฝนตกหนักทำให้น้ำท่วมผิวจราจรทางขนานด้านขวาทาง\nการแก้ไขเบื้องต้น: เจ้าหน้าที่หมวดทางหลวงสิบเอ็ดศอกได้อำนวยความสะดวกและความปลอดภัยเรียบร้อย",
        "time": "2026-10-07T14:54:04.874569+00:00",
        "source": "iTIC/Longdo"
      }
    },
    {
      "type": "Feature",
      "geometry": {
        "type": "Point",
        "coordinates": [
          100.4417860508,
          14.415056952209
        ]
      },
      "properties": {
        "name": "น้ำท่วมทางหลวง 3412 ช่วงอยุธยา - บางบาล (ผ่านได้)",
        "description": "น้ำท่วม ทางหลวงหมายเลข 3412 ช่วงอยุธยา - บางบาล กม.ที่ 16+798 - 16+818 ต.บางหลวงโดด อ.บางบาล จ.พระนครศรีอยุธยา\nสาเหตุ: ระดับน้ำ ในแม่น้ำน้อยเพิ่มสูงขึ้น\nการแก้ไขเบื้องต้น: มีเจ้าหน้าที่คอยสังเกตการณ์ระดับน้ำและเฝ้าระวัง",
        "time": "2026-10-07T14:54:04.874584+00:00",
        "source": "iTIC/Longdo"
      }
    },
    {
      "type": "Feature",
      "geometry": {
        "type": "Point",
        "coordinates": [
          100.44007189456,
          14.439838434712
        ]
      },
      "properties": {
        "name": "น้ำท่วมทางหลวง 3501 ช่วงอ่างทอง - บางหลวงโดด (ผ่านได้)",
        "description": "รายงานน้ำท่วม ทล.3501 กม.20+700 - 21+100 ทางหลวงหมายเลข 3501 ช่วงอ่างทอง - บางหลวงโดด กม.ที่ 20+700 - 21+100 ต.บางหัก อ.บางบาล จ.พระนครศรีอยุธยา\nสาเหตุ: ระดับน้ำในแม่น้ำเจ้าพระยาสูงกว่าตลิ่ง ทำให้น้ำเข้าท่วมผิวจราจน\nการแก้ไขเบื้องต้น: หมวดทางหลวงป่าโมกอำนวยการจราจร พร้อมดำเนินการตั้งคันกั้นน้ำ",
        "time": "2026-10-07T14:54:04.874600+00:00",
        "source": "iTIC/Longdo"
      }
    },
    {
      "type": "Feature",
      "geometry": {
        "type": "Point",
        "coordinates": [
          101.11679872873,
          13.605103966395
        ]
      },
      "properties": {
        "name": "น้ำท่วมทางหลวง 3304 ช่วงบ้านโพธิ์ - แปลงยาว (ผ่านได้)",
        "description": "น้ำท่วมผิวจราจร ทางหลวงหมายเลข 3304 ช่วงบ้านโพธิ์ - แปลงยาว กม.ที่ 2+400 - 4+200 ต.สิบเอ็ดศอก อ.บ้านโพธิ์ จ.ฉะเชิงเทรา\nสาเหตุ: เนื่องจากฝนตกหนักทำให้น้ำท่วมผิวจราจรทั้งด้านซ้ายทางและขวาทาง\nการแก้ไขเบื้องต้น: เจ้าหน้าที่หมวดทางสิบเอ็ดศอกได้อำนวยความสะดวกและความปลอดภัยเรียบร้อย",
        "time": "2026-10-07T14:54:04.874616+00:00",
        "source": "iTIC/Longdo"
      }
    },
    {
      "type": "Feature",
      "geometry": {
        "type": "Point",
        "coordinates": [
          100.99204594299,
          14.117919143303
        ]
      },
      "properties": {
        "name": "น้ำท่วมทางหลวง 305 ช่วงคลอง14 - องครักษ์ (ผ่านได้)",
        "description": "น้ำท่วมขังผิวจราจร ทล.305 ทางหลวงหมายเลข 305 ช่วงคลอง14 - องครักษ์ กม.ที่ 43+200 - 43+300 ต.คลองใหญ่ อ.องครักษ์ จ.นครนายก\nสาเหตุ: เนื่องจากเกิดฝนตกหนักติดต่อกันอย่างต่อเนื่อง ทำให้เกิดน้ำท่วมขังผิวจราจร\nการแก้ไขเบื้องต้น: เจ้าหน้าที่หมวดทางหลวงองครักษ์ ติดตั้งอุปกรณ์อำนวยความปลอดภัย",
        "time": "2026-10-07T14:54:04.874631+00:00",
        "source": "iTIC/Longdo"
      }
    },
    {
      "type": "Feature",
      "geometry": {
        "type": "Point",
        "coordinates": [
          100.44643572986,
          14.498907391423
        ]
      },
      "properties": {
        "name": "น้ำท่วมทางหลวง 33 ช่วงนาคู - ป่าโมก (ผ่านได้)",
        "description": "รายงานน้ำท่วม ทล.33 กม.35+400 - 35+600 ทางหลวงหมายเลข 33 ช่วงนาคู - ป่าโมก กม.ที่ 35+400 - 35+600 ต.ป่าโมก อ.ป่าโมก จ.อ่างทอง\nสาเหตุ: ระดับน้ำในแม่น้ำเจ้าพระยาเพิ่มสูงขึ้นกว่าระดับถนน\nการแก้ไขเบื้องต้น: หมวดทางหลวงป่าโมกอำนวยการจราจร พร้อมดำเนินกิารตั้งคันกั้นน้ำ เพื่อป้องกันน้ำท่วมผิวจราจร",
        "time": "2026-10-07T14:54:04.874647+00:00",
        "source": "iTIC/Longdo"
      }
    },
    {
      "type": "Feature",
      "geometry": {
        "type": "Point",
        "coordinates": [
          100.44692941187,
          14.500274060228
        ]
      },
      "properties": {
        "name": "น้ำท่วมทางหลวง 3501 ช่วงอ่างทอง - บางหลวงโดด (ผ่านได้)",
        "description": "รายงานน้ำท่วม ทล.3501 กม.12+000 - 12+120 ทางหลวงหมายเลข 3501 ช่วงอ่างทอง - บางหลวงโดด กม.ที่ 12+000 - 12+120 ต.ป่าโมก อ.ป่าโมก จ.อ่างทอง\nสาเหตุ: ระดับน้ำในแม่น้ำเจ้าพระยาเพิ่มสูงขึ้นกว่าระดับถนน\nการแก้ไขเบื้องต้น: หมวดทางหลวงป่าโมกอำนวยการจราจร พร้อมดำเนินการตั้งคันกั้นน้ำ เพื่อป้องกันน้ำท่วมผิวทาง",
        "time": "2026-10-07T14:54:04.874663+00:00",
        "source": "iTIC/Longdo"
      }
    },
    {
      "type": "Feature",
      "geometry": {
        "type": "Point",
        "coordinates": [
          100.45463858249,
          14.514676654376
        ]
      },
      "properties": {
        "name": "น้ำท่วมทางหลวง 3501 ช่วงอ่างทอง - บางหลวงโดด (ผ่านได้)",
        "description": "รายงานน้ำท่วม ทล.3501 กม.10+000 - 10+250 ทางหลวงหมายเลข 3501 ช่วงอ่างทอง - บางหลวงโดด กม.ที่ 10+000 - 10+250 ต.นรสิงห์ อ.ป่าโมก จ.อ่างทอง\nสาเหตุ: ระดับน้ำในแม่น้ำเจ้าพระยาเพิ่มสูงขึ้นกว่าระดับถนน\nการแก้ไขเบื้องต้น: หมวดทางหลวงป่าโมกอำนวยการจราจร พร้อมดำเนินการตั้งคันกั้นน้ำ",
        "time": "2026-10-07T14:54:04.874678+00:00",
        "source": "iTIC/Longdo"
      }
    },
    {
      "type": "Feature",
      "geometry": {
        "type": "Point",
        "coordinates": [
          100.44285100767,
          14.557093883974
        ]
      },
      "properties": {
        "name": "น้ำท่วมทางหลวง 3501 ช่วงอ่างทอง - บางหลวงโดด (ผ่านได้)",
        "description": "รายงานน้ำท่วม ทล.3501 กม.4+200 - 4+400 ทางหลวงหมายเลข 3501 ช่วงอ่างทอง - บางหลวงโดด กม.ที่ 4+200 - 4+400 ต.จำปาหล่อ อ.เมืองอ่างทอง จ.อ่างทอง\nสาเหตุ: ระดับน้ำในแม่น้ำเจ้าพระยาเพิ่มสูงขึ้นล้นตลิ่ง ระดับน้ำสูงกว่าผิวทาง\nการแก้ไขเบื้องต้น: หมวดทางหลวงป่าโมกอำนวยการจราจร พร้อมดำเนินการตั้งคันกั้นน้ำ",
        "time": "2026-10-07T14:54:04.874694+00:00",
        "source": "iTIC/Longdo"
      }
    },
    {
      "type": "Feature",
      "geometry": {
        "type": "Point",
        "coordinates": [
          101.95553484751,
          12.722731104047
        ]
      },
      "properties": {
        "name": "น้ำท่วมทางหลวง 3 ช่วงนายายอาม - บ้านสิ้ว (ผ่านไม่ได้)",
        "description": "คอสะพานชำรุด ทางหลวงหมายเลข 3 ช่วงนายายอาม - บ้านสิ้ว กม.ที่ 304+247 - 304+247 ต.ทุ่งเบญจา อ.ท่าใหม่ จ.จันทบุรี\nสาเหตุ: ฝนตกหนักหลายวัน ระดับน้ำในคลองเพิ่มขึ้นและมีกระแสน้ำไหลรุนแรง พัดกัดเซาะคอสะพานชำรุดเสียหาย\nการแก้ไขเบื้องต้น:",
        "time": "2026-10-07T14:54:04.874710+00:00",
        "source": "iTIC/Longdo"
      }
    },
    {
      "type": "Feature",
      "geometry": {
        "type": "Point",
        "coordinates": [
          101.14720139191,
          13.871893291532
        ]
      },
      "properties": {
        "name": "น้ำท่วมทางหลวง 3481 ช่วงบางขนาก - ปราจีนบุรี (ผ่านไม่ได้)",
        "description": "น้ำท่วม ทล.3481 กม.26+000-27+500 ทางหลวงหมายเลข 3481 ช่วงบางขนาก - ปราจีนบุรี กม.ที่ 26+000 - 27+500 ต.บางแตน อ.บ้านสร้าง จ.ปราจีนบุรี\nสาเหตุ: เนื่องจากน้ำล้นตลิ่งทำใหเกิด้น้ำท่วมบนท้องถนน รถเล็กไม่สามารถผ่านได้\nการแก้ไขเบื้องต้น: หมวดทางหลวงบ้านสร้างอำนวยความสะดวกแก่ประชาชน (เบอร์ติดต่อประสานงาน 0815351419 นายบุญเรือง สุขหอม หัวหน้าหมวดทางหลวงบ้านสร้าง)",
        "time": "2026-10-07T14:54:04.874726+00:00",
        "source": "iTIC/Longdo"
      }
    },
    {
      "type": "Feature",
      "geometry": {
        "type": "Point",
        "coordinates": [
          100.97976023232,
          14.111385783335
        ]
      },
      "properties": {
        "name": "น้ำท่วมทางหลวง 305 ช่วงคลอง14 - องครักษ์ (ผ่านได้)",
        "description": "น้ำท่วมขังผิวจราจรทล.305 ทางหลวงหมายเลข 305 ช่วงคลอง14 - องครักษ์ กม.ที่ 41+700 - 41+900 ต.คลองใหญ่ อ.องครักษ์ จ.นครนายก\nสาเหตุ: เนื่องจากเกิดฝนตกหนักติดต่อกันเป็นเวลานาน ทำให้เกิดน้ำขังบนผิวจราจร ปริมาณน้ำรอการระบาย\nการแก้ไขเบื้องต้น: ดำเนินการกัวางแนวกั้นกระสอบทรายและติดตั้งป้ายเตือน",
        "time": "2026-10-07T14:54:04.874741+00:00",
        "source": "iTIC/Longdo"
      }
    },
    {
      "type": "Feature",
      "geometry": {
        "type": "Point",
        "coordinates": [
          101.10968828201,
          13.662625935616
        ]
      },
      "properties": {
        "name": "น้ำท่วมทางหลวง 304 ช่วงฉะเชิงเทรา - เสม็ดเหนือ (ผ่านได้)",
        "description": "น้ำท่วมผิวจราจร ทางหลวงหมายเลข 304 ช่วงฉะเชิงเทรา - เสม็ดเหนือ กม.ที่ 77+100 - 77+300 ต.บางตีนเป็ด อ.เมืองฉะเชิงเทรา จ.ฉะเชิงเทรา\nสาเหตุ: เนื่องจากเกิดฝนตกหนักทำให้น้ำท่วมผิวจราจรทางขนานด้านซ้ายทาง\nการแก้ไขเบื้องต้น: เจ้าหน้าที่หมวดทางหลวงสิบเอ็ดศอกได้อำนวยความสะดวกและความปลอดภัยเรียบร้อย",
        "time": "2026-10-07T14:54:04.874756+00:00",
        "source": "iTIC/Longdo"
      }
    },
    {
      "type": "Feature",
      "geometry": {
        "type": "Point",
        "coordinates": [
          100.94998515017,
          13.927927927928
        ]
      },
      "properties": {
        "name": "น้ำท่วม ต.ดอนฉิมพลี",
        "description": "ต.ดอนฉิมพลี อ.บางน้ำเปรี้ยว จ.ฉะเชิงเทรา\r\nน้ำท่วมซอย รายงานโดย Natthaphong123",
        "time": "2026-10-07T14:54:04.874772+00:00",
        "source": "iTIC/Longdo"
      }
    },
    {
      "type": "Feature",
      "geometry": {
        "type": "Point",
        "coordinates": [
          101.16068460727,
          13.66065317605
        ]
      },
      "properties": {
        "name": "น้ำท่วม ต.เสม็ดใต้",
        "description": "ต.เสม็ดใต้ อ.บางคล้า จ.ฉะเชิงเทรา รายงานโดย AumAiim",
        "time": "2026-10-07T14:54:04.874787+00:00",
        "source": "iTIC/Longdo"
      }
    },
    {
      "type": "Feature",
      "geometry": {
        "type": "Point",
        "coordinates": [
          101.18151257421,
          13.650526207904
        ]
      },
      "properties": {
        "name": "น้ำท่วม ต.เสม็ดใต้",
        "description": "ต.เสม็ดใต้ อ.บางคล้า จ.ฉะเชิงเทรา รายงานโดย AumAiim",
        "time": "2026-10-07T14:54:04.874802+00:00",
        "source": "iTIC/Longdo"
      }
    },
    {
      "type": "Feature",
      "geometry": {
        "type": "Point",
        "coordinates": [
          101.18169220668,
          13.649795787093
        ]
      },
      "properties": {
        "name": "น้ำท่วม ต.เสม็ดใต้",
        "description": "ต.เสม็ดใต้ อ.บางคล้า จ.ฉะเชิงเทรา รายงานโดย AumAiim",
        "time": "2026-10-07T14:54:04.874818+00:00",
        "source": "iTIC/Longdo"
      }
    },
    {
      "type": "Feature",
      "geometry": {
        "type": "Point",
        "coordinates": [
          101.18160666694,
          13.649234022826
        ]
      },
      "properties": {
        "name": "น้ำท่วม ต.เสม็ดใต้",
        "description": "ต.เสม็ดใต้ อ.บางคล้า จ.ฉะเชิงเทรา รายงานโดย AumAiim",
        "time": "2026-10-07T14:54:04.874833+00:00",
        "source": "iTIC/Longdo"
      }
    },
    {
      "type": "Feature",
      "geometry": {
        "type": "Point",
        "coordinates": [
          101.18122956487,
          13.649924876229
        ]
      },
      "properties": {
        "name": "น้ำท่วม ต.เสม็ดใต้",
        "description": "ต.เสม็ดใต้ อ.บางคล้า จ.ฉะเชิงเทรา รายงานโดย AumAiim",
        "time": "2026-10-07T14:54:04.874849+00:00",
        "source": "iTIC/Longdo"
      }
    },
    {
      "type": "Feature",
      "geometry": {
        "type": "Point",
        "coordinates": [
          101.18160885245,
          13.650190327561
        ]
      },
      "properties": {
        "name": "น้ำท่วม ต.เสม็ดใต้",
        "description": "ต.เสม็ดใต้ อ.บางคล้า จ.ฉะเชิงเทรา รายงานโดย AumAiim",
        "time": "2026-10-07T14:54:04.874864+00:00",
        "source": "iTIC/Longdo"
      }
    },
    {
      "type": "Feature",
      "geometry": {
        "type": "Point",
        "coordinates": [
          101.231229,
          13.985664
        ]
      },
      "properties": {
        "name": "น้ำท่วมทางหลวง 3076 ช่วงบางหอย - วังขอน (ผ่านไม่ได้)",
        "description": "น้ำท่วม ทล.3076 กม.27+000-กม.29+000 ทางหลวงหมายเลข 3076 ช่วงบางหอย - วังขอน กม.ที่ 27+000 - 29+000 ต.บ้านสร้าง อ.บ้านสร้าง จ.ปราจีนบุรี\nสาเหตุ: เนื่องจากฝนตกหนักทำให้น้ำล้นตลิ่งทำให่เกิดน้ำท่วมบนท้องถนน รถเล็กไม่สามารถผ่านได้\nการแก้ไขเบื้องต้น: หมวดทางหลวงบ้านสร้างอำนวยความสะดวกแก่ประชาชน (เบอร์ติดต่อประสานงาน 0815351419 นายบุญเรือง สุขหอม หัวหน้าหมวดทางหลวงบ้านสร้าง)",
        "time": "2026-10-07T14:54:04.874879+00:00",
        "source": "iTIC/Longdo"
      }
    },
    {
      "type": "Feature",
      "geometry": {
        "type": "Point",
        "coordinates": [
          101.22984364215,
          13.999038580864
        ]
      },
      "properties": {
        "name": "น้ำท่วมทางหลวง 3481 ช่วงบางขนาก - ปราจีนบุรี (ผ่านไม่ได้)",
        "description": "น้ำท่วม ทล.3481 กม.44+000-กม.44+500 ทางหลวงหมายเลข 3481 ช่วงบางขนาก - ปราจีนบุรี กม.ที่ 44+000 - 44+500 ต.บ้านสร้าง อ.บ้านสร้าง จ.ปราจีนบุรี\nสาเหตุ: เนื่องจากฝนตกหนักทำให้น้ำล้นตลิ่งทำให่เกิดน้ำท่วมบนท้องถนน รถเล็กไม่สามารถผ่านทางได้\nการแก้ไขเบื้องต้น: หมวดทางหลวงบ้านสร้างอำนวยความสะดวกแก่ประชาชน ผู้ประสานงาน  นายบุญเรือง สุขหอม หัวหน้าหมวดทางหลวงบ้านสร้าง",
        "time": "2026-10-07T14:54:04.874895+00:00",
        "source": "iTIC/Longdo"
      }
    },
    {
      "type": "Feature",
      "geometry": {
        "type": "Point",
        "coordinates": [
          100.39899780596,
          14.380504893076
        ]
      },
      "properties": {
        "name": "น้ำท่วมทางหลวง 3454 ช่วงหน้าโคก - เสนา (ผ่านได้)",
        "description": "น้ำท่วมผิวจราจร ทางหลวงหมายเลข 3454 ช่วงหน้าโคก - เสนา กม.ที่ 103+900 - 104+000 ต.หัวเวียง อ.เสนา จ.พระนครศรีอยุธยา\nสาเหตุ: เนื่องจากมีฝนตกหนักต่อเนื่อง น้ำในแม่น้ำน้อยมีระดับสูงทำให้มีน้ำท่วมเข้าแนวผิวจราจรและไหลทาง\nการแก้ไขเบื้องต้น: 1. ติดตั้งป้ายเตือนอํานวยความสะดวกในการจราจร\n2. ปั้นคันวัสดุตลอดแนวน้ําท่วมผิวจราจร\n3. วางแนวกระสอบทรายป้องกันน้ําเข้าพื้นที่\n4. สูบน้ำในพื้นที่เพื่อระบายในผิวจราจร",
        "time": "2026-10-07T14:54:04.874911+00:00",
        "source": "iTIC/Longdo"
      }
    },
    {
      "type": "Feature",
      "geometry": {
        "type": "Point",
        "coordinates": [
          99.174645927607,
          16.111293129816
        ]
      },
      "properties": {
        "name": "น้ำท่วมทางหลวง 1117 ช่วงคลองแม่ลาย - ช่องเย็น (ผ่านได้)",
        "description": "ดาดคอนกรีตคอสะพานชำรุด ทางหลวงหมายเลข 1117 ช่วงคลองแม่ลาย - ช่องเย็น กม.ที่ 78+920 - 78+963 ต.คลองลานพัฒนา อ.คลองลาน จ.กำแพงเพชร\nสาเหตุ: เนื่องจากฝนตกหนักสะสมเป็นเวลาหลายวัน ทำให้น้ำกัดเซาะคอนกรีตคอสะพาน จนชำรุดเสียหาย\nการแก้ไขเบื้องต้น: เจ้าหน้าที่หมวดทางหลวงคลองลานพัฒนาได้ดำเนินติดตั้งป้ายเตือนและติดตั้งกรวยยางการจราจรผ่านได้",
        "time": "2026-10-07T14:54:04.874926+00:00",
        "source": "iTIC/Longdo"
      }
    },
    {
      "type": "Feature",
      "geometry": {
        "type": "Point",
        "coordinates": [
          100.41612267494,
          14.318829304389
        ]
      },
      "properties": {
        "name": "น้ำท่วมทางหลวง 3454 ช่วงหน้าโคก - เสนา (ผ่านไม่ได้)",
        "description": "น้ำท่วมจุดกลับรถใต้สะพานแม่น้ำน้อย(แยกอะตอม) ทางหลวงหมายเลข 3454 ช่วงหน้าโคก - เสนา กม.ที่ 111+400 - 111+400 ต.บางนมโค อ.เสนา จ.พระนครศรีอยุธยา\nสาเหตุ: เนื่องจากมีฝนตกหนักต่อเนื่องทำให้น้ำในแม่น้ำน้อยมีปริมาณสูงขึ้นจึงทำให้น้ำเอ่อล้นเข้าท่วมผิวจราจร\nการแก้ไขเบื้องต้น: 1. ติดตั้งป้ายเตือนปิดจุดกลับรถ\n2. จัดเจ้าหน้าที่คอยเฝ้าระวัง",
        "time": "2026-10-07T14:54:04.874941+00:00",
        "source": "iTIC/Longdo"
      }
    },
    {
      "type": "Feature",
      "geometry": {
        "type": "Point",
        "coordinates": [
          100.52878551292,
          14.368378178662
        ]
      },
      "properties": {
        "name": "น้ำท่วมทางหลวง 347 ช่วงบางกระสั้น - บางปะหัน (ผ่านได้)",
        "description": "น้ำท่วม ทางหลวงหมายเลข 347 ช่วงบางกระสั้น - บางปะหัน กม.ที่ 40+800 - 40+800 ต.บ้านป้อม อ.พระนครศรีอยุธยา จ.พระนครศรีอยุธยา\nสาเหตุ: ฝนตกต่อเนื่องทำให้ระดับน้ำในแม่น้ำเจ้าพระยาสูงขึ้น\nการแก้ไขเบื้องต้น: มีเจ้าหน้าที่ของหมวดทางหลวงพระนครศรีอยุธยาที่ 2 คอยสังเกตการณ์ระดับน้ำและเฝ้าระวังอย่างต่อเนื่อง ติดตั้งป้ายและวางกระสอบทรายเป็นคันกั้นน้ำ",
        "time": "2026-10-07T14:54:04.874957+00:00",
        "source": "iTIC/Longdo"
      }
    },
    {
      "type": "Feature",
      "geometry": {
        "type": "Point",
        "coordinates": [
          100.79868749737,
          13.949181839622
        ]
      },
      "properties": {
        "name": "น้ำท่วมทางหลวง 3312 ช่วงลำลูกกา - คลอง16 (ผ่านได้)",
        "description": "น้ำท่วมขังผิวจราจรทล.3312 ทางหลวงหมายเลข 3312 ช่วงลำลูกกา - คลอง16 กม.ที่ 19+100 - 19+200 ต.บึงทองหลาง อ.ลำลูกกา จ.ปทุมธานี\nสาเหตุ: เนื่องจากเกิดฝนตกหนักติดต่อกันอย่างต่อเนื่อง ทำให้เกิดน้ำท่วมขังผิวจราจร\nการแก้ไขเบื้องต้น: เจ้าหน้าที่หมวดทางหลวงองครักษ์ อำนวยความสะดวกการจราจร",
        "time": "2026-10-07T14:54:04.874973+00:00",
        "source": "iTIC/Longdo"
      }
    },
    {
      "type": "Feature",
      "geometry": {
        "type": "Point",
        "coordinates": [
          100.96084317398,
          14.0238987591
        ]
      },
      "properties": {
        "name": "น้ำท่วมทางหลวง 3369 ช่วงวัดอำภาศิริวงศ์ - คลอง16 (ผ่านได้)",
        "description": "น้ำท่วมขังผิวจราจร ทล.3369 ทางหลวงหมายเลข 3369 ช่วงวัดอำภาศิริวงศ์ - คลอง16 กม.ที่ 7+600 - 8+200 ต.บึงศาล อ.องครักษ์ จ.นครนายก\nสาเหตุ: เนื่องจากเกิดฝนตกหนักติดต่อกันอย่างต่อเนื่อง ทำให้เกิดน้ำท่วมขังผิวจราจร รถเล็กไม่สามารถผ่านได้\nการแก้ไขเบื้องต้น: เจ้าหน้าที่หมวดทางหลวงองครักษ์ อำนวยความสะดวกการจราจร",
        "time": "2026-10-07T14:54:04.874989+00:00",
        "source": "iTIC/Longdo"
      }
    },
    {
      "type": "Feature",
      "geometry": {
        "type": "Point",
        "coordinates": [
          100.41445677086,
          14.359759958003
        ]
      },
      "properties": {
        "name": "น้ำท่วมทางหลวง 3454 ช่วงหน้าโคก - เสนา (ผ่านได้)",
        "description": "น้ำท่วมผิวจราจร ทางหลวงหมายเลข 3454 ช่วงหน้าโคก - เสนา กม.ที่ 106+800 - 107+000 ต.บ้านโพธิ์ อ.เสนา จ.พระนครศรีอยุธยา\nสาเหตุ: เนื่องจากมีฝนตกต่อเนื่อง และมีการระบายน้ำจากแม่น้ำน้อย ที่มีปริมาณน้ํามากขึ้นส่งผลให้ระดับน้ําเพิ่มสูงขึ้นจนอยู่ในระดับที่สูงกว่าผิวจราจร\nการแก้ไขเบื้องต้น: 1.ติดตั้งป้ายเตือนอำนวยความสะดวกในการจราจร\n2.ปั้นคันวัสดุตลอดแนวน้ำท่วมผิวจราจร\n3.วางแนวกระสอบทรายป้องกันน้ำเข้าพื้นที่\n4. สูบน้ําในพื้นที่ เพื่อระบายน้ําในผิวจราจร",
        "time": "2026-10-07T14:54:04.875004+00:00",
        "source": "iTIC/Longdo"
      }
    },
    {
      "type": "Feature",
      "geometry": {
        "type": "Point",
        "coordinates": [
          101.82099458074,
          14.34487341831
        ]
      },
      "properties": {
        "name": "น้ำท่วมทางหลวง 304 ช่วงสี่แยกกบินทร์บุรี - วังน้ำเขียว (ผ่านได้)",
        "description": "ดินสไลด์ ทางหลวงหมายเลข 304 ช่วงสี่แยกกบินทร์บุรี - วังน้ำเขียว กม.ที่ 217+500 - 219+820 ต.บุพราหมณ์ อ.นาดี จ.ปราจีนบุรี\nสาเหตุ: ฝนตกหนักติดต่อกันเป็นเวลานานทำให้เกิดดินสไลด์ทรุดตัวเป็นโพรง\nการแก้ไขเบื้องต้น: เจ้าหน้าที่หมดทางหลวงกบินทร์บุรีเข้าทำการสำรวจและติดตั้งป้ายวางกรวยยางและเฝ้าระวังตลอด 24 ชั่วโมง",
        "time": "2026-10-07T14:54:04.875019+00:00",
        "source": "iTIC/Longdo"
      }
    },
    {
      "type": "Feature",
      "geometry": {
        "type": "Point",
        "coordinates": [
          99.825154738052,
          13.566845744305
        ]
      },
      "properties": {
        "name": "น้ำท่วมทางหลวง 3238 ช่วงเจ็ดเสมียน - โคกหม้อ (ผ่านได้)",
        "description": "สะพานคลองโคกหม้อ น้ำเซาะคอสะพานชำรุด ทางหลวงหมายเลข 3238 ช่วงเจ็ดเสมียน - โคกหม้อ กม.ที่ 10+550 - 10+550 ต.โคกหม้อ อ.เมืองราชบุรี จ.ราชบุรี\nสาเหตุ: เกิดเหตุอุทกภัย คลองโคกหม้อ น้ำเซาะคอสะพานชำรุด\nการแก้ไขเบื้องต้น: เจ้าหน้าที่หมวดทางหลวงโพธารามบูรณาการร่วมกับหน่วยงานท้องถิ่น เฝ้าระวังอย่างใกล้ชิด",
        "time": "2026-10-07T14:54:04.875069+00:00",
        "source": "iTIC/Longdo"
      }
    },
    {
      "type": "Feature",
      "geometry": {
        "type": "Point",
        "coordinates": [
          101.203915,
          14.019587
        ]
      },
      "properties": {
        "name": "น้ำท่วมทางหลวง 3076 ช่วงบางหอย - วังขอน (ผ่านได้)",
        "description": "น้ำท่วม ทล.3076 กม.22+500-กม.22+700 ทางหลวงหมายเลข 3076 ช่วงบางหอย - วังขอน กม.ที่ 22+500 - 22+700 ต.บ้านสร้าง อ.บ้านสร้าง จ.ปราจีนบุรี\nสาเหตุ: เนื่องจากฝนตกหนักทำให้น้ำล้นตลิ่งทำให่เกิดน้ำท่วมบนท้องถนน\nการแก้ไขเบื้องต้น: หมวดทางหลวงบ้านสร้างอำนวยความสะดวกแก่ประชาชน ผู้ประสานงาน  นายบุญเรือง สุขหอม  หัวหน้าหมวดทางหลวงบ้านสร้าง",
        "time": "2026-10-07T14:54:04.875107+00:00",
        "source": "iTIC/Longdo"
      }
    },
    {
      "type": "Feature",
      "geometry": {
        "type": "Point",
        "coordinates": [
          101.66937285398,
          12.795959616031
        ]
      },
      "properties": {
        "name": "น้ำท่วมทางหลวง 3648 ช่วงทางเลี่ยงเมืองแกลง (ผ่านได้)",
        "description": "น้ำท่วม ทล.3648 กม.8+600 ทางหลวงหมายเลข 3648 ช่วงทางเลี่ยงเมืองแกลง กม.ที่ 8+600 - 11+533 ต.บ้านนา อ.แกลง จ.ระยอง\nสาเหตุ: ฝนตกต่อเนื่อง\nการแก้ไขเบื้องต้น: อำนวยความปลอดภัยในการจราจร",
        "time": "2026-10-07T14:54:04.875126+00:00",
        "source": "iTIC/Longdo"
      }
    },
    {
      "type": "Feature",
      "geometry": {
        "type": "Point",
        "coordinates": [
          101.356733,
          14.04982
        ]
      },
      "properties": {
        "name": "น้ำท่วมทางหลวง 319 ช่วงปราจีนบุรี - ไผ่ชะเลือด (ผ่านได้)",
        "description": "น้ำท่วม ทล.319 กม.12+250 - กม.14+000 ทางหลวงหมายเลข 319 ช่วงปราจีนบุรี - ไผ่ชะเลือด กม.ที่ 12+250 - 14+000 ต.รอบเมือง อ.เมืองปราจีนบุรี จ.ปราจีนบุรี\nสาเหตุ: เนื่องจากฝนตกหนักทำให้น้ำล้นตลิ่งทำให่เกิดน้ำท่วมบนท้องถนนรถเล็กไม่สามารถผ่านได้\nการแก้ไขเบื้องต้น:  หมวดทางหลวงบ้านสร้างอำนวยความสะดวกแก่ประชาชน ผู้ประสานงาน  นายบุญเรือง สุขหอม หัวหน้าหมวดทางหลวงบ้านสร้าง",
        "time": "2026-10-07T14:54:04.875142+00:00",
        "source": "iTIC/Longdo"
      }
    },
    {
      "type": "Feature",
      "geometry": {
        "type": "Point",
        "coordinates": [
          101.3535018,
          14.0708647
        ]
      },
      "properties": {
        "name": "น้ำท่วมทางหลวง 319 ช่วงหนองชะอม - ปราจีนบุรี (ผ่านได้)",
        "description": "น้ำท่วม ทล.319 ระหว่างกม.9+400 - กม.10+400 ทางหลวงหมายเลข 319 ช่วงหนองชะอม - ปราจีนบุรี กม.ที่ 9+400 - 10+400 ต.บ้านพระ อ.เมืองปราจีนบุรี จ.ปราจีนบุรี\nสาเหตุ: เนื่องจากมีฝนตกหนัก เป็นระยะเวลาติดต่อกัน\nการแก้ไขเบื้องต้น: ติดตั้งป้ายเตือนน้ำท่วม และ เฝ้าระวังเพื่ออำนวยความปลอดภัยแก่ผู้ใช้เส้นทาง",
        "time": "2026-10-07T14:54:04.875158+00:00",
        "source": "iTIC/Longdo"
      }
    },
    {
      "type": "Feature",
      "geometry": {
        "type": "Point",
        "coordinates": [
          100.11414434052,
          14.219220247774
        ]
      },
      "properties": {
        "name": "น้ำท่วมทางหลวง 3351 ช่วงบางแม่หม้าย - บางน้อยใน (ผ่านได้)",
        "description": "รายงานน้ำท่วมทาง ทล.3351 ทางหลวงหมายเลข 3351 ช่วงบางแม่หม้าย - บางน้อยใน กม.ที่ 26+835 - 27+135 ต.บางตะเคียน อ.สองพี่น้อง จ.สุพรรณบุรี\nสาเหตุ: เกิดฝนตกหนักในพื้นที่ มีน้ำเอ่อล้นจากแม่น้ำท่าจีน\nการแก้ไขเบื้องต้น: ติดตั้งป้ายเตือน ปักหลักนำทาง(ขาวแดง) ปูผ้าใบพลาสติกวางกระสอบทราย",
        "time": "2026-10-07T14:54:04.875173+00:00",
        "source": "iTIC/Longdo"
      }
    },
    {
      "type": "Feature",
      "geometry": {
        "type": "Point",
        "coordinates": [
          100.03901090324,
          14.23236827338
        ]
      },
      "properties": {
        "name": "น้ำท่วมทางหลวง 3260 ช่วงสองพี่น้อง - มะขามล้ม (ผ่านได้)",
        "description": "รายงานน้ำท่วมทาง ทล.3260 ทางหลวงหมายเลข 3260 ช่วงสองพี่น้อง - มะขามล้ม กม.ที่ 11+017 - 11+170 ต.ต้นตาล อ.สองพี่น้อง จ.สุพรรณบุรี\nสาเหตุ: เกิดฝนตกหนักในพื้นที่ และมีน้ำเอ่อล้นจากคลองสองพี่น้องที่รอการระบายลงแม่น้ำท่าจีน\nการแก้ไขเบื้องต้น: ติดตั้งป้ายเตือน และหลักนำทาง(ขาวแดง) ปูผ้าใบพลาสติกวางกระสอบทราย",
        "time": "2026-10-07T14:54:04.875190+00:00",
        "source": "iTIC/Longdo"
      }
    },
    {
      "type": "Feature",
      "geometry": {
        "type": "Point",
        "coordinates": [
          100.63246302028,
          13.892242338921
        ]
      },
      "properties": {
        "name": "น้ำท่วม แขวงคลองถนน",
        "description": "แขวงคลองถนน เขตสายไหม กรุงเทพมหานคร\r\nบ้านเอื้อฯคลองถนนซอยเพิ่มสิน24/1ถนนเพิ่มสิน\r\nน้ำท่วมขังมาสามวันแล้ว นังไม่มีหน่วยงานมาช่วยเหลือเลย รายงานโดย Osh",
        "time": "2026-10-07T14:54:04.875207+00:00",
        "source": "iTIC/Longdo"
      }
    },
    {
      "type": "Feature",
      "geometry": {
        "type": "Point",
        "coordinates": [
          100.10595079689,
          14.533948302917
        ]
      },
      "properties": {
        "name": "น้ำท่วมทางหลวง 3487 ช่วงวัดป่าเลไลยก์ - โพธิ์พระยา (ผ่านได้)",
        "description": "น้ำท่วม ทางหลวงหมายเลข 3487 ช่วงวัดป่าเลไลยก์ - โพธิ์พระยา กม.ที่ 6+900 - 7+000 ต.โพธิ์พระยา อ.เมืองสุพรรณบุรี จ.สุพรรณบุรี\nสาเหตุ: เนื่องจากมีฝนตกปริมาณมากและแม่น้ำท่าจีนหนุนสูงทำให้น้ำท่วมผิวทาง\nการแก้ไขเบื้องต้น: หมวดศรีประจันต์ ทำการกั้นกระสอบทรายพร้อมตั้งป้ายกรวย เพื่ออำนวยความสะดวกให้ผู้ใช้ทาง",
        "time": "2026-10-07T14:54:04.875224+00:00",
        "source": "iTIC/Longdo"
      }
    },
    {
      "type": "Feature",
      "geometry": {
        "type": "Point",
        "coordinates": [
          98.895784712277,
          14.412901729564
        ]
      },
      "properties": {
        "name": "น้ำท่วมทางหลวง 323 ช่วงแก่งประลอม - ทองผาภูมิ (ผ่านได้)",
        "description": "น้ำท่วมผิวทาง ทางหลวงหมายเลข 323 ช่วงแก่งประลอม - ทองผาภูมิ กม.ที่ 149+050 - 149+250 ต.ไทรโยค อ.ไทรโยค จ.กาญจนบุรี\nสาเหตุ: เนื่องจากมีปริมาณฝนตกในพื้นที่เป็นจำนวนมาก\nการแก้ไขเบื้องต้น: เจ้าหน้าที่หมวดอำนวยความสะดวกด้านการจราจร",
        "time": "2026-10-07T14:54:04.875240+00:00",
        "source": "iTIC/Longdo"
      }
    },
    {
      "type": "Feature",
      "geometry": {
        "type": "Point",
        "coordinates": [
          101.337335,
          14.041548
        ]
      },
      "properties": {
        "name": "น้ำท่วมทางหลวง 3481 ช่วงบางขนาก - ปราจีนบุรี (ผ่านไม่ได้)",
        "description": "น้ำท่วม ทล.3481 กม.57+800-กม.63+951 ทางหลวงหมายเลข 3481 ช่วงบางขนาก - ปราจีนบุรี กม.ที่ 57+800 - 63+951 ต.บางเดชะ อ.เมืองปราจีนบุรี จ.ปราจีนบุรี\nสาเหตุ: เนื่องจากฝนตกหนักทำให้น้ำล้นตลิ่งทำให่เกิดน้ำท่วมบนท้องถนนรถเล็กไม่สามารถผ่านได้\nการแก้ไขเบื้องต้น: หมวดทางหลวงบ้านสร้างอำนวยความสะดวกแก่ประชาชน ผู้ประสานงาน  นายบุญเรือง สุขหอม หัวหน้าหมวดทางหลวงบ้านสร้าง",
        "time": "2026-10-07T14:54:04.875257+00:00",
        "source": "iTIC/Longdo"
      }
    },
    {
      "type": "Feature",
      "geometry": {
        "type": "Point",
        "coordinates": [
          100.96056657326,
          14.012053137553
        ]
      },
      "properties": {
        "name": "น้ำท่วมทางหลวง 3369 ช่วงวัดอำภาศิริวงศ์ - คลอง16 (ผ่านได้)",
        "description": "น้ำท่วมขังผิวจราจรทล.3369 ทางหลวงหมายเลข 3369 ช่วงวัดอำภาศิริวงศ์ - คลอง16 กม.ที่ 10+000 - 12+000 ต.ชุมพล อ.องครักษ์ จ.นครนายก\nสาเหตุ: เนื่องจากเกิดฝนตกหนักติดต่อกันเป็นเวลานาน ทำให้เกิดน้ำขังบนผิวจราจร ปริมาณน้ำรอการระบาย\nการแก้ไขเบื้องต้น: จัดเจ้าหน้าที่อำนวยความสะดวกและติดตั้งป้ายเตือน",
        "time": "2026-10-07T14:54:04.875274+00:00",
        "source": "iTIC/Longdo"
      }
    },
    {
      "type": "Feature",
      "geometry": {
        "type": "Point",
        "coordinates": [
          100.62483720084,
          14.28549766011
        ]
      },
      "properties": {
        "name": "น้ำท่วมทางหลวง 3056 ช่วงบ้านหว้า - อุทัย (ผ่านไม่ได้)",
        "description": "น้ำท่วมผิวจราจรจุดกลับรถใต้สะพาน ทางหลวงหมายเลข 3056 ช่วงบ้านหว้า - อุทัย กม.ที่ 2+700 - 2+780 ต.คุ้งลาน อ.บางปะอิน จ.พระนครศรีอยุธยา\nสาเหตุ: \nการแก้ไขเบื้องต้น:",
        "time": "2026-10-07T14:54:04.875289+00:00",
        "source": "iTIC/Longdo"
      }
    },
    {
      "type": "Feature",
      "geometry": {
        "type": "Point",
        "coordinates": [
          100.57991475337,
          14.219649386002
        ]
      },
      "properties": {
        "name": "น้ำท่วมทางหลวง 308 ช่วงทางเข้าบางปะอิน (ผ่านไม่ได้)",
        "description": "น้ำท่วมจุดกลับรถใต้สะพาน ทางหลวงหมายเลข 308 ช่วงทางเข้าบางปะอิน กม.ที่ 5+950 - 5+950 ต.บ้านเลน อ.บางปะอิน จ.พระนครศรีอยุธยา\nสาเหตุ: \nการแก้ไขเบื้องต้น:",
        "time": "2026-10-07T14:54:04.875306+00:00",
        "source": "iTIC/Longdo"
      }
    },
    {
      "type": "Feature",
      "geometry": {
        "type": "Point",
        "coordinates": [
          100.67191338498,
          13.996745752688
        ]
      },
      "properties": {
        "name": "น้ำท่วมทางหลวง 305 ช่วงต่างระดับรังสิต - วัดนาบุญ (ผ่านได้)",
        "description": "น้ำท่วมขังผิวจราจรรอการระบาย ทางหลวงหมายเลข 305 ช่วงต่างระดับรังสิต - วัดนาบุญ กม.ที่ 6+100 - 6+300 ต.บึงยี่โถ อ.ธัญบุรี จ.ปทุมธานี\nสาเหตุ: ฝนตกหนักในพื้นที่/น้ำในคลองสาธารณะหนุนสูง\nการแก้ไขเบื้องต้น: เก็บขยะที่กีดขวางทางระบายน้ำ",
        "time": "2026-10-07T14:54:04.875321+00:00",
        "source": "iTIC/Longdo"
      }
    },
    {
      "type": "Feature",
      "geometry": {
        "type": "Point",
        "coordinates": [
          100.68597011647,
          13.999833491895
        ]
      },
      "properties": {
        "name": "น้ำท่วมทางหลวง 305 ช่วงต่างระดับรังสิต - วัดนาบุญ (ผ่านได้)",
        "description": "น้ำท่วมขังผิวจราจรรอการระบาย ทางหลวงหมายเลข 305 ช่วงต่างระดับรังสิต - วัดนาบุญ กม.ที่ 7+500 - 7+800 ต.บึงยี่โถ อ.ธัญบุรี จ.ปทุมธานี\nสาเหตุ: ฝนตกหนังในพื้นที่/น้ำในคลองสาธารณะหนุนสูง\nการแก้ไขเบื้องต้น: เก็บขยะที่กีดขวางทางระบายน้ำ",
        "time": "2026-10-07T14:54:04.875337+00:00",
        "source": "iTIC/Longdo"
      }
    },
    {
      "type": "Feature",
      "geometry": {
        "type": "Point",
        "coordinates": [
          101.20107604465,
          14.214107161512
        ]
      },
      "properties": {
        "name": "น้ำท่วมทางหลวง 33 ช่วงคลองยาง - นครนายก (ผ่านได้)",
        "description": "น้ำท่วมผิวทาง ทางหลวงหมายเลข 33 ช่วงคลองยาง - นครนายก กม.ที่ 130+000 - 131+814 ต.นครนายก อ.เมืองนครนายก จ.นครนายก\nสาเหตุ: ฝนตกตลอดทั้งวันทำให้น้ำท่วมขัง\nการแก้ไขเบื้องต้น: เจ้าหน้าที่หมวดเฝ้าระวังระดับน้ำ",
        "time": "2026-10-07T14:54:04.875352+00:00",
        "source": "iTIC/Longdo"
      }
    },
    {
      "type": "Feature",
      "geometry": {
        "type": "Point",
        "coordinates": [
          101.0815064407,
          14.256387894092
        ]
      },
      "properties": {
        "name": "น้ำท่วมทางหลวง 33 ช่วงคลองยาง - นครนายก (ผ่านได้)",
        "description": "น้ำท่วมผิวทาง ทางหลวงหมายเลข 33 ช่วงคลองยาง - นครนายก กม.ที่ 116+000 - 118+000 ต.บ้านนา อ.บ้านนา จ.นครนายก\nสาเหตุ: ฝนตกตลอดทั้งคืนทำให้น้ำที่วมขัง ระดับน้ำเริ่มลดลง\nการแก้ไขเบื้องต้น: เจ้าหน้าหมวดเฝ้าระวังระดับน้ำ",
        "time": "2026-10-07T14:54:04.875368+00:00",
        "source": "iTIC/Longdo"
      }
    },
    {
      "type": "Feature",
      "geometry": {
        "type": "Point",
        "coordinates": [
          101.06443379684,
          14.26511120803
        ]
      },
      "properties": {
        "name": "น้ำท่วมทางหลวง 33 ช่วงคลองยาง - นครนายก (ผ่านได้)",
        "description": "น้ำท่วมผิวทาง ทางหลวงหมายเลข 33 ช่วงคลองยาง - นครนายก กม.ที่ 113+700 - 114+500 ต.บ้านนา อ.บ้านนา จ.นครนายก\nสาเหตุ: ฝนตกตลอดทั้งวันทำให้น้ำท่วมข้ง\nการแก้ไขเบื้องต้น: เจ้าหน้าที่หมวดเฝ้าระวังระดับน้ำ",
        "time": "2026-10-07T14:54:04.875384+00:00",
        "source": "iTIC/Longdo"
      }
    },
    {
      "type": "Feature",
      "geometry": {
        "type": "Point",
        "coordinates": [
          101.06723581457,
          14.286589925959
        ]
      },
      "properties": {
        "name": "น้ำท่วมทางหลวง 3222 ช่วงเขาเพิ่ม - บ้านนา (ผ่านได้)",
        "description": "น้ำท่วมผิวทาง ทางหลวงหมายเลข 3222 ช่วงเขาเพิ่ม - บ้านนา กม.ที่ 36+500 - 37+000 ต.ป่าขะ อ.บ้านนา จ.นครนายก\nสาเหตุ: ฝนตกตลอดทั้งวันทำให้น้ำท่วมขัง ระดับน้ำลดลงเรื่อยๆ\nการแก้ไขเบื้องต้น: เจ้าหน้าที่หมวดเฝ้าระวังระดับน้ำ",
        "time": "2026-10-07T14:54:04.875400+00:00",
        "source": "iTIC/Longdo"
      }
    },
    {
      "type": "Feature",
      "geometry": {
        "type": "Point",
        "coordinates": [
          101.3957938,
          14.0573623
        ]
      },
      "properties": {
        "name": "น้ำท่วมทางหลวง 3452 ช่วงดงพระราม - ห้วยขื่อ (ผ่านไม่ได้)",
        "description": "น้ำท่วม ทล.3452 ระหว่างกม.1+490 - 7+764 ทางหลวงหมายเลข 3452 ช่วงดงพระราม - ห้วยขื่อ กม.ที่ 1+490 - 7+764 ต.บางบริบูรณ์ อ.เมืองปราจีนบุรี จ.ปราจีนบุรี\nสาเหตุ: เนื่องจากมีฝนตกหนัก เป็นระยะเวลาติดต่อกัน\nการแก้ไขเบื้องต้น: ติดตั้งป้ายเตือนน้ำท่วม เฝ้าระวังเพื่ออำนวยความปลอดภัยแก่ผู้ใช้เส้นทาง",
        "time": "2026-10-07T14:54:04.875415+00:00",
        "source": "iTIC/Longdo"
      }
    },
    {
      "type": "Feature",
      "geometry": {
        "type": "Point",
        "coordinates": [
          101.5194789629,
          13.978275932922
        ]
      },
      "properties": {
        "name": "น้ำท่วมทางหลวง 3078 ช่วงระเบาะไผ่ - ประจันตคาม (ผ่านไม่ได้)",
        "description": "น้ำท่วม 3078 กม.15+897 - กม.26+887 ทางหลวงหมายเลข 3078 ช่วงระเบาะไผ่ - ประจันตคาม กม.ที่ 15+897 - 26+887 ต.บ้านทาม อ.ศรีมหาโพธิ จ.ปราจีนบุรี\nสาเหตุ: เนื่องจากมีฝนตกต่อเนื่องเป็นเวลาหลายวัน\nการแก้ไขเบื้องต้น: เจ้าหน้าที่หมวดทางหลวงปราจีนบุรีนำป้ายเตือนน้ำท่วมและปักหลักขาวแดงเข้าอำนวยความสะดวกและปลอดภัยแก่ประชาชน",
        "time": "2026-10-07T14:54:04.875431+00:00",
        "source": "iTIC/Longdo"
      }
    },
    {
      "type": "Feature",
      "geometry": {
        "type": "Point",
        "coordinates": [
          101.25681012858,
          13.724858912719
        ]
      },
      "properties": {
        "name": "น้ำท่วมทางหลวง 3378 ช่วงบางคล้า - พนมสารคาม (ผ่านได้)",
        "description": "น้ำท่วมผิวจราจร ทางหลวงหมายเลข 3378 ช่วงบางคล้า - พนมสารคาม กม.ที่ 0+000 - 14+424 ต.เมืองใหม่ อ.ราชสาส์น จ.ฉะเชิงเทรา\nสาเหตุ: ฝนตกตลอดทั้งวันทำให้น้ำท่วมผิวจราจร\nการแก้ไขเบื้องต้น: เจ้าหน้าที่หมวดทางหลวงบางคล้าอำนวยความสะดวก ,เจ้าหน้างานสารสนเทศ",
        "time": "2026-10-07T14:54:04.875447+00:00",
        "source": "iTIC/Longdo"
      }
    },
    {
      "type": "Feature",
      "geometry": {
        "type": "Point",
        "coordinates": [
          101.50005301472,
          12.64066765543
        ]
      },
      "properties": {
        "name": "น้ำท่วมทางหลวง 3145 ช่วงบ้านเพ - ท่าเรือแกลง (ผ่านไม่ได้)",
        "description": "น้ำท่วม3145กม.9 ทางหลวงหมายเลข 3145 ช่วงบ้านเพ - ท่าเรือแกลง กม.ที่ 9+300 - 9+500 ต.แกลง อ.เมืองระยอง จ.ระยอง\nสาเหตุ: ฝนตกต่อเนื่อง\nการแก้ไขเบื้องต้น: อำนวยความสะดวกและการจราจร",
        "time": "2026-10-07T14:54:04.875462+00:00",
        "source": "iTIC/Longdo"
      }
    },
    {
      "type": "Feature",
      "geometry": {
        "type": "Point",
        "coordinates": [
          100.99464363959,
          14.125399129604
        ]
      },
      "properties": {
        "name": "น้ำท่วมทางหลวง 305 ช่วงองครักษ์ - นครนายก (ผ่านได้)",
        "description": "ขอรายงาน น้ำท่วมขังผิวจราจร ดังนี้ ทางหลวงหมายเลข 305 ช่วงองครักษ์ - นครนายก กม.ที่ 44+500 - 45+000 ต.คลองใหญ่ อ.องครักษ์ จ.นครนายก\nสาเหตุ: ฝนตกอย่างต่อเนื่อง จึงทำให้น้ำท่วมขังรอการระบาย\nการแก้ไขเบื้องต้น: อำนวยการจราจร",
        "time": "2026-10-07T14:54:04.875478+00:00",
        "source": "iTIC/Longdo"
      }
    },
    {
      "type": "Feature",
      "geometry": {
        "type": "Point",
        "coordinates": [
          101.20107604465,
          14.214107161512
        ]
      },
      "properties": {
        "name": "น้ำท่วมทางหลวง 33 ช่วงคลองยาง - นครนายก (ผ่านได้)",
        "description": "น้ำท่วมผิวทาง ทางหลวงหมายเลข 33 ช่วงคลองยาง - นครนายก กม.ที่ 130+000 - 131+814 ต.นครนายก อ.เมืองนครนายก จ.นครนายก\nสาเหตุ: ฝนตกอย่างต่อเนื่องทำให้น้ำขังผิวจราจร\nการแก้ไขเบื้องต้น: เจ้าหน้าที่หมวดทางหลวงเฝ้าระวังระดับน้ำ",
        "time": "2026-10-07T14:54:04.875494+00:00",
        "source": "iTIC/Longdo"
      }
    },
    {
      "type": "Feature",
      "geometry": {
        "type": "Point",
        "coordinates": [
          100.74875950813,
          14.026284931946
        ]
      },
      "properties": {
        "name": "น้ำท่วมทางหลวง 305 ช่วงวัดนาบุญ-คลอง 14 (ผ่านได้)",
        "description": "น้ำท่วมขังผิวจราจร ทางหลวงหมายเลข 305 ช่วงวัดนาบุญ-คลอง 14 กม.ที่ 15+145 - 15+300 ต.รังสิต อ.ธัญบุรี จ.ปทุมธานี\nสาเหตุ: เนื่องจากฝนตกอย่างต่อเนื่องจึงทำให้มีน้ำท่วมขังผิวจราจร ขณะนี้น้ำเริ่มลดระดับลงแล้ว\nการแก้ไขเบื้องต้น: อำนวยการจราจร",
        "time": "2026-10-07T14:54:04.875509+00:00",
        "source": "iTIC/Longdo"
      }
    },
    {
      "type": "Feature",
      "geometry": {
        "type": "Point",
        "coordinates": [
          100.74876921444,
          14.028474132047
        ]
      },
      "properties": {
        "name": "น้ำท่วมทางหลวง 352 ช่วงธัญบุรี - คลองระพีพัฒน์ (ผ่านได้)",
        "description": "น้ำท่วมผิวจราจร ทางหลวงหมายเลข 352 ช่วงธัญบุรี - คลองระพีพัฒน์ กม.ที่ 2+000 - 2+200 ต.รังสิต อ.ธัญบุรี จ.ปทุมธานี\nสาเหตุ: เนื่องจากฝนที่ตกอย่างต่อเนื่องจึงทำให้มีน้ำท่วมขังผิวจราจร ขณะนี้ระดับน้ำเริ่มลดลงแล้ว\nการแก้ไขเบื้องต้น: อำนวยการจราจร",
        "time": "2026-10-07T14:54:04.875525+00:00",
        "source": "iTIC/Longdo"
      }
    },
    {
      "type": "Feature",
      "geometry": {
        "type": "Point",
        "coordinates": [
          99.335203170776,
          14.737885353809
        ]
      },
      "properties": {
        "name": "น้ำท่วมทางหลวง 3480 ช่วงปลักประดู่ - ถ้ำธารลอด (ผ่านไม่ได้)",
        "description": "น้ำกัดเซาะคอสะพานชำรุด ทางหลวงหมายเลข 3480 ช่วงปลักประดู่ - ถ้ำธารลอด กม.ที่ 30+109 - 30+121 ต.สมเด็จเจริญ อ.หนองปรือ จ.กาญจนบุรี\nสาเหตุ: เนื่องจากฝนตกหนักในพื้นที่ น้ำป่าไหลลาก\nการแก้ไขเบื้องต้น: เจ้าหน้าที่หมวดทางหลวงได้ดำเนินการติดตั้งแบริเออร์ ป้ายเตือน กั้นแนวเปลี่ยนทิศทางน้ำ และ ปิดการจราจรในจุดดังกล่าว",
        "time": "2026-10-07T14:54:04.875541+00:00",
        "source": "iTIC/Longdo"
      }
    },
    {
      "type": "Feature",
      "geometry": {
        "type": "Point",
        "coordinates": [
          100.9610080719,
          14.040721868084
        ]
      },
      "properties": {
        "name": "น้ำท่วมทางหลวง 3369 ช่วงวัดอำภาศิริวงศ์ - คลอง16 (ผ่านได้)",
        "description": "น้ำท่วมขังผิวจราจรทล.3369 ทางหลวงหมายเลข 3369 ช่วงวัดอำภาศิริวงศ์ - คลอง16 กม.ที่ 8+300 - 8+900 ต.บึงศาล อ.องครักษ์ จ.นครนายก\nสาเหตุ: เนื่องจากเกิดฝนตกหนักติดต่อกันอย่างต่อเนื่อง น้ำระบายไม่ทัน ทำให้เกิดน้ำท่วมขังผิวจราจร\nการแก้ไขเบื้องต้น: เจ้าหน้าที่หมวดทางหลวงองครักษ์ อำนวยความสะดวกการจราจร",
        "time": "2026-10-07T14:54:04.875556+00:00",
        "source": "iTIC/Longdo"
      }
    },
    {
      "type": "Feature",
      "geometry": {
        "type": "Point",
        "coordinates": [
          101.39442951187,
          14.054539244295
        ]
      },
      "properties": {
        "name": "น้ำท่วมทางหลวง 3079 ช่วงปราจีนบุรี - ศรีมหาโพธิ (ผ่านไม่ได้)",
        "description": "น้ำท่วม ทล 3079 กม.2+538 - กม.8+400 ทางหลวงหมายเลข 3079 ช่วงปราจีนบุรี - ศรีมหาโพธิ กม.ที่ 2+538 - 8+400 ต.ท่างาม อ.เมืองปราจีนบุรี จ.ปราจีนบุรี\nสาเหตุ: เนื่องจากมีฝนตกหนักต่อเนื่องเป็นเวลาหลายวัน\nการแก้ไขเบื้องต้น: เจ้าหน้าที่หมวดทางหลวงปราจีนบุรีนำป้ายเตือนน้ำท่วมและปักหลักขาวแดง อำนวยความสะดวกและปลอดภัยแก่ประชาชน",
        "time": "2026-10-07T14:54:04.875571+00:00",
        "source": "iTIC/Longdo"
      }
    },
    {
      "type": "Feature",
      "geometry": {
        "type": "Point",
        "coordinates": [
          101.44444196882,
          13.992340561114
        ]
      },
      "properties": {
        "name": "น้ำท่วมทางหลวง 3079 ช่วงปราจีนบุรี - ศรีมหาโพธิ (ผ่านไม่ได้)",
        "description": "น้ำท่วม ทล 3079 กม.8+400 - กม.17+500 ทางหลวงหมายเลข 3079 ช่วงปราจีนบุรี - ศรีมหาโพธิ กม.ที่ 8+400 - 17+500 ต.หาดยาง อ.ศรีมหาโพธิ จ.ปราจีนบุรี\nสาเหตุ: เนื่องจากมีฝนตกหนักต่อเนื่องหลายวัน\nการแก้ไขเบื้องต้น: เจ้าหน้าที่หมวดทางหลวงปราจีนบุรีนำป้ายเตือนน้ำท่วมพร้อมป้ายปิดทางและปักหลักขาวแดงเข้าอำนวยความสะดวกและปลอดภัยแก่ประชาชน",
        "time": "2026-10-07T14:54:04.875587+00:00",
        "source": "iTIC/Longdo"
      }
    },
    {
      "type": "Feature",
      "geometry": {
        "type": "Point",
        "coordinates": [
          101.052765,
          14.2793883
        ]
      },
      "properties": {
        "name": "น้ำท่วมทางหลวง 3051 ช่วงบ้านนา-บางอ้อ (ผ่านได้)",
        "description": "น้ำท่วมผิวทาง ทางหลวงหมายเลข 3051 ช่วงบ้านนา-บางอ้อ กม.ที่ 3+200 - 3+600 ต.บ้านนา อ.บ้านนา จ.นครนายก\nสาเหตุ: ฝนตกตลอดทั้งวันทำให้น้ำท่วมขัง\nการแก้ไขเบื้องต้น: เจ้าหน้าที่หมวดทางหลวงนำกรวยยางวางบริเวณที่ท่วมขัง",
        "time": "2026-10-07T14:54:04.875602+00:00",
        "source": "iTIC/Longdo"
      }
    },
    {
      "type": "Feature",
      "geometry": {
        "type": "Point",
        "coordinates": [
          101.07198027094,
          14.248933609624
        ]
      },
      "properties": {
        "name": "น้ำท่วมทางหลวง 3051 ช่วงบ้านนา - บางอ้อ (ผ่านได้)",
        "description": "น้ำท่วมผิวทาง ทางหลวงหมายเลข 3051 ช่วงบ้านนา - บางอ้อ กม.ที่ 1+200 - 1+400 ต.พิกุลออก อ.บ้านนา จ.นครนายก\nสาเหตุ: ฝนตกตลอดทั้งวันทำให้น้ำท่วมขัง\nการแก้ไขเบื้องต้น: เจ้าหน้าที่หมวดนำกรวยางวางบริเวณที่ท่วมขัง",
        "time": "2026-10-07T14:54:04.875618+00:00",
        "source": "iTIC/Longdo"
      }
    },
    {
      "type": "Feature",
      "geometry": {
        "type": "Point",
        "coordinates": [
          100.5851676,
          14.1663315
        ]
      },
      "properties": {
        "name": "น้ำท่วมทางหลวง 9 ช่วงต่างระดับเชียงรากน้อย - ต่างระดับบางปะอิน (ผ่านได้)",
        "description": "น้ำท่วขังผิวทางจราจรรอการระบาย ทางหลวงหมายเลข 9 ช่วงต่างระดับเชียงรากน้อย - ต่างระดับบางปะอิน กม.ที่ 80+000 - 81+000 ต.เชียงรากน้อย อ.บางปะอิน จ.พระนครศรีอยุธยา\nสาเหตุ: \nการแก้ไขเบื้องต้น:",
        "time": "2026-10-07T14:54:04.875633+00:00",
        "source": "iTIC/Longdo"
      }
    },
    {
      "type": "Feature",
      "geometry": {
        "type": "Point",
        "coordinates": [
          101.4788337,
          14.072829
        ]
      },
      "properties": {
        "name": "น้ำท่วมทางหลวง 3452 ช่วงดงพระราม - ห้วยขื่อ (ผ่านไม่ได้)",
        "description": "น้ำท่วม ทล.3452 กม.10+900 - 15+857 ทางหลวงหมายเลข 3452 ช่วงดงพระราม - ห้วยขื่อ กม.ที่ 10+900 - 15+857 ต.โนนห้อม อ.เมืองปราจีนบุรี จ.ปราจีนบุรี\nสาเหตุ: เนื่องจากมีฝนตกหนัก เป็นระยะเวลาติดต่อกัน\nการแก้ไขเบื้องต้น: ติดตั้งป้ายเตือนน้ำท่วม และปักหลักขาวแดงเพื่ออำนวยความปลอดภัยแก่ผู้ใช้เส้นทาง",
        "time": "2026-10-07T14:54:04.875650+00:00",
        "source": "iTIC/Longdo"
      }
    },
    {
      "type": "Feature",
      "geometry": {
        "type": "Point",
        "coordinates": [
          101.0815064407,
          14.256387894092
        ]
      },
      "properties": {
        "name": "น้ำท่วมทางหลวง 33 ช่วงคลองยาง - นครนายก (ผ่านได้)",
        "description": "น้ำท่วมผิวจราจร ทางหลวงหมายเลข 33 ช่วงคลองยาง - นครนายก กม.ที่ 116+000 - 119+000 ต.บ้านนา อ.บ้านนา จ.นครนายก\nสาเหตุ: ฝนตกตลอดทั้งวันทำให้น้ำท่วมขัง\nการแก้ไขเบื้องต้น: เจ้าหน้าที่หมวดทางหลวงนำลูกยางไปติดตั้งบริเวณน้ำท่วมขัง",
        "time": "2026-10-07T14:54:04.875665+00:00",
        "source": "iTIC/Longdo"
      }
    },
    {
      "type": "Feature",
      "geometry": {
        "type": "Point",
        "coordinates": [
          101.065059556,
          14.26440439239
        ]
      },
      "properties": {
        "name": "น้ำท่วมทางหลวง 33 ช่วงคลองยาง - นครนายก (ผ่านได้)",
        "description": "น้ำท่วมบริเวณผิวทางน้ำท่วมบริเวณผิวทาง ทางหลวงหมายเลข 33 ช่วงคลองยาง - นครนายก กม.ที่ 114+000 - 115+000 ต.บ้านนา อ.บ้านนา จ.นครนายก\nสาเหตุ: ฝนตกตลอดทั้งวันทำให้น้ำท่วมขัง\nการแก้ไขเบื้องต้น: เจ้าหน้าที่หมวดทางหลวงได้นำกรวยยางไปติดตั้งบริเวณที่ท่วมขัง",
        "time": "2026-10-07T14:54:04.875680+00:00",
        "source": "iTIC/Longdo"
      }
    },
    {
      "type": "Feature",
      "geometry": {
        "type": "Point",
        "coordinates": [
          101.06777923588,
          14.29107847663
        ]
      },
      "properties": {
        "name": "น้ำท่วมทางหลวง 3222 ช่วงเขาเพิ่ม - บ้านนา (ผ่านได้)",
        "description": "น้ำท่วมผิวจราจร ทางหลวงหมายเลข 3222 ช่วงเขาเพิ่ม - บ้านนา กม.ที่ 36+000 - 37+000 ต.ป่าขะ อ.บ้านนา จ.นครนายก\nสาเหตุ: ฝนตกตลอดทั้งวันทำให้น้ำท่วมผิวจราจร\nการแก้ไขเบื้องต้น: เจ้าหน้าที่หมวดทางหลวงนำกรวยยางไปติดตั้งบริเวณที่ท่วมขัง",
        "time": "2026-10-07T14:54:04.875696+00:00",
        "source": "iTIC/Longdo"
      }
    },
    {
      "type": "Feature",
      "geometry": {
        "type": "Point",
        "coordinates": [
          98.631488417185,
          14.738777140741
        ]
      },
      "properties": {
        "name": "น้ำท่วมทางหลวง 3272 ช่วงทองผาภูมิ - ปิล๊อก (ผ่านได้)",
        "description": "น้ำท่วมผิวจราจร ทางหลวงหมายเลข 3272 ช่วงทองผาภูมิ - ปิล๊อก กม.ที่ 1+000 - 1+450 ต.ท่าขนุน อ.ทองผาภูมิ จ.กาญจนบุรี\nสาเหตุ: เนื่องจากมีฝนตกหนักอย่างต่อเนื่องเป็นเวลาหลายชั่วโมง จากพายุฤดูฝน ทำให้ ทล.3272 กม.1+000 - กม.1+450 ด้านซ้ายทาง ไม่สามารถผ่านได้\nการแก้ไขเบื้องต้น: เจ้าหน้าที่โครงการทางหลวงหมายเลข 3272 ตอน ทองผาภูมิ - ปิล๊อก ดำเนินการ ติดตั้งอุปกรณ์อำนวยความปลอดภัยและเบี่ยงการจราจร เป็นแบบวิ่งสวนเลนทางด้านขวาทาง เนื่องจาก ทล.3272 กม.1+000 - กม.1+450 ด้านซ้ายทาง ไม่สามารถผ่านได้\n\n*.พื้นที่ปัจจุบันอยู่ในระหว่างงานก่อสร้างของ ศูนย์สร้างทางกาญจนบุรี",
        "time": "2026-10-07T14:54:04.875712+00:00",
        "source": "iTIC/Longdo"
      }
    },
    {
      "type": "Feature",
      "geometry": {
        "type": "Point",
        "coordinates": [
          100.61640402098,
          13.984007617203
        ]
      },
      "properties": {
        "name": "น้ำท่วมทางหลวง 1 ช่วงสนามกีฬาธูปะเตมีย์ - ต่างระดับคลองหลวง (ผ่านได้)",
        "description": "น้ำท่วมขังรอระบายจุดกลับรถใต้สะพาน ทล.1 ทางหลวงหมายเลข 1 ช่วงสนามกีฬาธูปะเตมีย์ - ต่างระดับคลองหลวง กม.ที่ 31+500 - 32+800 ต.ประชาธิปัตย์ อ.ธัญบุรี จ.ปทุมธานี\nสาเหตุ: ระดับน้ำในคลองสูง/น้ำท่วมรอระบาย\nการแก้ไขเบื้องต้น:",
        "time": "2026-10-07T14:54:04.875728+00:00",
        "source": "iTIC/Longdo"
      }
    },
    {
      "type": "Feature",
      "geometry": {
        "type": "Point",
        "coordinates": [
          100.5396988678,
          14.024986472239
        ]
      },
      "properties": {
        "name": "น้ำท่วมทางหลวง 346 ช่วงแยกบ้านกลาง - ต่างระดับลาดหลุมแก้ว (ผ่านได้)",
        "description": "น้ำท่วมขังรอการระบาย ทางหลวงหมายเลข 346 ช่วงแยกบ้านกลาง - ต่างระดับลาดหลุมแก้ว กม.ที่ 10+300 - 10+300 ต.บ้านกลาง อ.เมืองปทุมธานี จ.ปทุมธานี\nสาเหตุ: ฝนตก\nการแก้ไขเบื้องต้น: หมวดฯ ได้นำเจ้าหน้าที่ปิดการใช้จุดกลับรถใต้สะพานปทุมธานี1 เนื่องจากปริมาณน้ำสูง รถไม่สามารถผ่านได้",
        "time": "2026-10-07T14:54:04.875743+00:00",
        "source": "iTIC/Longdo"
      }
    },
    {
      "type": "Feature",
      "geometry": {
        "type": "Point",
        "coordinates": [
          100.6855237484,
          13.999804520437
        ]
      },
      "properties": {
        "name": "น้ำท่วมทางหลวง 305 ช่วงต่างระดับรังสิต - วัดนาบุญ (ผ่านได้)",
        "description": "น้ำท่วมขังบนผิวจราจร ทางหลวงหมายเลข 305 ช่วงต่างระดับรังสิต - วัดนาบุญ กม.ที่ 7+500 - 7+800 ต.บึงยี่โถ อ.ธัญบุรี จ.ปทุมธานี\nสาเหตุ: ฝนตกหนักทำให้มีปริมาณน้ำท่วมขังบนผิวจราจรจำนวนมาก\nซึ่งระบบระบายน้ำเดิมไม่เพียงพอต่อการระบายน้ำในปริมาณมาก\nการแก้ไขเบื้องต้น: เจ้าหน้าที่หมวดฯดำเนินการตรวจสายทางในความรับผิดชอบเฝ้าระวังปริมาณน้ำที่เพิ่มขึ้น",
        "time": "2026-10-07T14:54:04.875759+00:00",
        "source": "iTIC/Longdo"
      }
    },
    {
      "type": "Feature",
      "geometry": {
        "type": "Point",
        "coordinates": [
          100.67177798424,
          13.996768541922
        ]
      },
      "properties": {
        "name": "น้ำท่วมทางหลวง 305 ช่วงต่างระดับรังสิต - วัดนาบุญ (ผ่านได้)",
        "description": "นำ้ท่วมขังบนผิวจราจร ทางหลวงหมายเลข 305 ช่วงต่างระดับรังสิต - วัดนาบุญ กม.ที่ 5+700 - 6+300 ต.บึงยี่โถ อ.ธัญบุรี จ.ปทุมธานี\nสาเหตุ: ฝนตกหนักทำให้มีปริมาณน้ำท่วมขังบนผิวจราจรจำนวนมาก\nซึ่งระบบระบายน้ำเดิมไม่เพียงพอต่อการระบายน้ำในปริมาณมาก\nการแก้ไขเบื้องต้น: เจ้าหน้าที่หมวดฯดำเนินการตรวจสายทางในความรับผิดชอบเฝ้าระวังปริมาณน้ำที่เพิ่มขึ้น",
        "time": "2026-10-07T14:54:04.875774+00:00",
        "source": "iTIC/Longdo"
      }
    },
    {
      "type": "Feature",
      "geometry": {
        "type": "Point",
        "coordinates": [
          100.74877560139,
          14.026244801908
        ]
      },
      "properties": {
        "name": "น้ำท่วมทางหลวง 305 ช่วงวัดนาบุญ - คลอง 14 (ผ่านได้)",
        "description": "น้ำท่วมขังผิวจราจร ทางหลวงหมายเลข 305 ช่วงวัดนาบุญ - คลอง 14 กม.ที่ 15+145 - 15+300 ต.รังสิต อ.ธัญบุรี จ.ปทุมธานี\nสาเหตุ: ฝนตกอย่างต่อเนื่อง จึงทำให้น้ำท่วมขังรอการระบาย\nการแก้ไขเบื้องต้น: อำนวยการจราจร ติดป้ายเตือน",
        "time": "2026-10-07T14:54:04.875790+00:00",
        "source": "iTIC/Longdo"
      }
    },
    {
      "type": "Feature",
      "geometry": {
        "type": "Point",
        "coordinates": [
          100.67912461329,
          14.278509433556
        ]
      },
      "properties": {
        "name": "น้ำท่วมทางหลวง 309 ช่วงวังน้อย - บ้านสร้าง (ผ่านได้)",
        "description": "น้ำท่วมผิวจราจร ทางหลวงหมายเลข 309 ช่วงวังน้อย - บ้านสร้าง กม.ที่ 6+500 - 6+600 ต.ลำตาเสา อ.วังน้อย จ.พระนครศรีอยุธยา\nสาเหตุ: น้ำรอการระบาย\nการแก้ไขเบื้องต้น:",
        "time": "2026-10-07T14:54:04.875805+00:00",
        "source": "iTIC/Longdo"
      }
    },
    {
      "type": "Feature",
      "geometry": {
        "type": "Point",
        "coordinates": [
          101.11026763916,
          13.662000367301
        ]
      },
      "properties": {
        "name": "น้ำท่วมทางหลวง 304 ช่วงฉะเชิงเทรา - เสม็ดเหนือ (ผ่านไม่ได้)",
        "description": "น้ำท่วมผิวจราจร ทางหลวงหมายเลข 304 ช่วงฉะเชิงเทรา - เสม็ดเหนือ กม.ที่ 77+100 - 77+500 ต.บางตีนเป็ด อ.เมืองฉะเชิงเทรา จ.ฉะเชิงเทรา\nสาเหตุ: เนื่องจากฝนตกหนักฉับพลันในพื้นที่ ทำให้น้ำท่วมผิวจราจร\nทางหลักและทางขนานขวาทาง\nการแก้ไขเบื้องต้น: เจ้าหน้าที่หมวดทางหลวงสิบเอ็ดศอกได้อำนวยความสะดวกและความปลอดภัยเรียบร้อย ได้ปิดการจราจรทางขนานด้านขวาทาง2ช่องจราจร รถเล็กไม่สามารถผ่านได้",
        "time": "2026-10-07T14:54:04.875821+00:00",
        "source": "iTIC/Longdo"
      }
    },
    {
      "type": "Feature",
      "geometry": {
        "type": "Point",
        "coordinates": [
          101.50740537318,
          14.112437132771
        ]
      },
      "properties": {
        "name": "น้ำท่วมทางหลวง 3649 ช่วงคุ้งยอ - ห้วยขื่อ (ผ่านได้)",
        "description": "น้ำท่วม ทางหลวงหมายเลข 3649 ช่วงคุ้งยอ - ห้วยขื่อ กม.ที่ 26+800 - 30+354 ต.โพธิ์งาม อ.ประจันตคาม จ.ปราจีนบุรี\nสาเหตุ: เนื่องจากมีฝนตกหนักเป็นระยะเวลาติดต่อกัน\nการแก้ไขเบื้องต้น: ปิดถนนนำเเบริเออกับ กรวยเตือน และป้ายน้ำท่วมเพื่ออำนวยความสะดวกแก่ผู้ใช้เส้นทาง",
        "time": "2026-10-07T14:54:04.875837+00:00",
        "source": "iTIC/Longdo"
      }
    },
    {
      "type": "Feature",
      "geometry": {
        "type": "Point",
        "coordinates": [
          100.88009084846,
          13.710891831645
        ]
      },
      "properties": {
        "name": "น้ำท่วม หมู่บ้านพฤกษา 36",
        "description": "ซอยหมู่บ้านพฤกษา 36 ต.คลองหลวงแพ่ง อ.เมืองฉะเชิงเทรา จ.ฉะเชิงเทรา รายงานโดย Katnanda",
        "time": "2026-10-07T14:54:04.875854+00:00",
        "source": "iTIC/Longdo"
      }
    },
    {
      "type": "Feature",
      "geometry": {
        "type": "Point",
        "coordinates": [
          100.88626876112,
          13.709195994359
        ]
      },
      "properties": {
        "name": "น้ำท่วม ซอยหมู่บ้านพฤกษา 36",
        "description": "ซอยหมู่บ้านพฤกษา 36 ซอย24 ต.คลองอุดมชลจร อ.เมืองฉะเชิงเทรา จ.ฉะเชิงเทรา รายงานโดย Katnanda",
        "time": "2026-10-07T14:54:04.875870+00:00",
        "source": "iTIC/Longdo"
      }
    },
    {
      "type": "Feature",
      "geometry": {
        "type": "Point",
        "coordinates": [
          100.71288493269,
          13.985969992603
        ]
      },
      "properties": {
        "name": "น้ำท่วมทางหลวง 3902 ช่วงคลองระพีพัฒน์ - บึงคำพร้อย (ผ่านได้)",
        "description": "น้ำท่วมขังบนผิวจราจร ทางหลวงหมายเลข 3902 ช่วงคลองระพีพัฒน์ - บึงคำพร้อย กม.ที่ 24+650 - 24+700 ต.บึงคำพร้อย อ.ลำลูกกา จ.ปทุมธานี\nสาเหตุ: ฝนตกหนักทำให้มีปริมาณน้ำท่วมขังบนผิวจราจรจำนวนมาก\nซึ่งระบบระบายน้ำเดิมไม่เพียงพอต่อการระบายน้ำในปริมาณมาก\nการแก้ไขเบื้องต้น: เจ้าหน้าที่หมวดฯดำเนินการตรวจสายทางในความรับผิดชอบเฝ้าระวังปริมาณน้ำที่เพิ่มขึ้น",
        "time": "2026-10-07T14:54:04.875885+00:00",
        "source": "iTIC/Longdo"
      }
    },
    {
      "type": "Feature",
      "geometry": {
        "type": "Point",
        "coordinates": [
          100.88609880177,
          13.709220589515
        ]
      },
      "properties": {
        "name": "น้ำท่วม ซอยหมู่บ้านพฤกษา 36",
        "description": "ซอยหมู่บ้านพฤกษา 36 ต.คลองอุดมชลจร อ.เมืองฉะเชิงเทรา จ.ฉะเชิงเทรา รายงานโดย Katnanda",
        "time": "2026-10-07T14:54:04.875901+00:00",
        "source": "iTIC/Longdo"
      }
    },
    {
      "type": "Feature",
      "geometry": {
        "type": "Point",
        "coordinates": [
          100.85697090704,
          13.583731676368
        ]
      },
      "properties": {
        "name": "น้ำท่วมทางหลวง 34 ช่วงทางเข้าท่าอากาศยานสุวรรณภูมิ - บางวัว (ผ่านได้)",
        "description": "น้ำท่วม ทางหลวงหมายเลข 34 ช่วงทางเข้าท่าอากาศยานสุวรรณภูมิ - บางวัว กม.ที่ 29+000 - 30+000 ต.บางบ่อ อ.บางบ่อ จ.สมุทรปราการ\nสาเหตุ: จุดเฝ้าระวังที่ 26 ฝนตกหนักในพื้นที่ ประกอบกับน้ำในลำคลองมากทำให้การระบายน้ำทำได้ช้า ส่งผลให้น้ำท่วมขังถึงวันที่ 7 ต.ค. 69\nการแก้ไขเบื้องต้น: เจ้าหน้าที่หมวดทางหลวงอำนวยความสะดวก เดินเครื่องสูบน้ำเร่งระบายน้ำลงคลอง",
        "time": "2026-10-07T14:54:04.875917+00:00",
        "source": "iTIC/Longdo"
      }
    },
    {
      "type": "Feature",
      "geometry": {
        "type": "Point",
        "coordinates": [
          100.83710879087,
          14.057418611802
        ]
      },
      "properties": {
        "name": "น้ำท่วมทางหลวง 305 ช่วงวัดนาบุญ - คลอง14 (ผ่านได้)",
        "description": "น้ำท่วมขังไหล่ทาง ทางหลวงหมายเลข 305 ช่วงวัดนาบุญ - คลอง14 กม.ที่ 25+200 - 25+400 ต.บึงสนั่น อ.ธัญบุรี จ.ปทุมธานี\nสาเหตุ: ฝนตกอย่างต่อเนื่อง จึงทำให้น้ำท่วมขังรอการระบาย\nการแก้ไขเบื้องต้น: อำนวยการจราจร",
        "time": "2026-10-07T14:54:04.875932+00:00",
        "source": "iTIC/Longdo"
      }
    },
    {
      "type": "Feature",
      "geometry": {
        "type": "Point",
        "coordinates": [
          101.219104,
          14.001235
        ]
      },
      "properties": {
        "name": "น้ำท่วมทางหลวง 3076 ช่วงบางหอย - วังขอน (ผ่านไม่ได้)",
        "description": "น้ำท่วม ทล.3076 กม.23+000 - กม.25+480 ทางหลวงหมายเลข 3076 ช่วงบางหอย - วังขอน กม.ที่ 23+000 - 25+480 ต.บ้านสร้าง อ.บ้านสร้าง จ.ปราจีนบุรี\nสาเหตุ: เนื่องจากฝนตกหนักทำให้น้ำล้นตลิ่งทำให่เกิดน้ำท่วมบนท้องถนนรถเล็กไม่สามารถผ่านได้\nการแก้ไขเบื้องต้น: หมวดทางหลวงบ้านสร้างอำนวยความสะดวกแก่ประชาชน ผู้ประสานงาน นายบุญเรือง สุขหอม หัวหน้าหมวดทางหลวงบ้านสร้าง",
        "time": "2026-10-07T14:54:04.875948+00:00",
        "source": "iTIC/Longdo"
      }
    },
    {
      "type": "Feature",
      "geometry": {
        "type": "Point",
        "coordinates": [
          100.6456703745,
          13.740554356661
        ]
      },
      "properties": {
        "name": "น้ำท่วมทางหลวง 3702 ช่วงถนนศรีนครินทร์ - ลาดกระบัง (ผ่านได้)",
        "description": "น่ำท่วมทาง ทางหลวงหมายเลข 3702 ช่วงถนนศรีนครินทร์ - ลาดกระบัง กม.ที่ 0+352 - 22+435 ต.สวนหลวง อ.สวนหลวง จ.กรุงเทพมหานคร\nสาเหตุ: เนื่องจากฝนตกต่อเนื่อง ระดับน้ำในคลองสูง ไม่สามาระบายได้\nการแก้ไขเบื้องต้น: ตรวจเส้นทางอำนวยการจราจร ติดตั้งป้สยเตือน",
        "time": "2026-10-07T14:54:04.875964+00:00",
        "source": "iTIC/Longdo"
      }
    },
    {
      "type": "Feature",
      "geometry": {
        "type": "Point",
        "coordinates": [
          100.71801727904,
          13.812973835194
        ]
      },
      "properties": {
        "name": "น้ำท่วมทางหลวง 304 ช่วงแยกเข้ามีนบุรี - คลองหลวงแพ่ง (ผ่านได้)",
        "description": "น้ำท่วมเขตทางหลวง(แยกมีนบุรี-สะพานสามวา) ทางหลวงหมายเลข 304 ช่วงแยกเข้ามีนบุรี - คลองหลวงแพ่ง กม.ที่ 26+089 - 27+500 ต.มีนบุรี อ.มีนบุรี จ.กรุงเทพมหานคร\nสาเหตุ: เนื่องฝนตกหนักต่อเนื่องทำให้เกิดนน้ำท่วมขัง\nการแก้ไขเบื้องต้น: รอการระบายน้ำ สามารถสัญจรผ่านได้ 2 ช่องจราจร (ด้านขวาทาง)",
        "time": "2026-10-07T14:54:04.875979+00:00",
        "source": "iTIC/Longdo"
      }
    },
    {
      "type": "Feature",
      "geometry": {
        "type": "Point",
        "coordinates": [
          100.64790952195,
          13.884945902267
        ]
      },
      "properties": {
        "name": "น้ำท่วมทางหลวง 3701 ช่วงถนนศรีนครินทร์ - ลาดกระบัง (ผ่านได้)",
        "description": "น้ำท่วมทาง ทางหลวงหมายเลข 3701 ช่วงถนนศรีนครินทร์ - ลาดกระบัง กม.ที่ 7+100 - 22+375 ต.คลองถนน อ.สายไหม จ.กรุงเทพมหานคร\nสาเหตุ: เนื่องจากฝนตกต่อเนื่อง ระดับน้ำในคลองสูง ไม่สามาระบายได้\nการแก้ไขเบื้องต้น: ตรวจเส้นทางอำนวยการจราจร ติดตั้งป้สยเตือน",
        "time": "2026-10-07T14:54:04.875994+00:00",
        "source": "iTIC/Longdo"
      }
    },
    {
      "type": "Feature",
      "geometry": {
        "type": "Point",
        "coordinates": [
          100.70222148872,
          13.728866160254
        ]
      },
      "properties": {
        "name": "น้ำท่วมทางหลวง 3901 ช่วงคลองพระยาสุเรนทร์ - ประเวศ (ผ่านได้)",
        "description": "น้ำท่วมทาง ทางหลวงหมายเลข 3901 ช่วงคลองพระยาสุเรนทร์ - ประเวศ กม.ที่ 53+552 - 53+925 ต.ประเวศ อ.ประเวศ จ.กรุงเทพมหานคร\nสาเหตุ: เนื่องจากฝนตกต่อเนื่อง ระดับน้ำในคลองสูง ไม่สามาระบายได้\nการแก้ไขเบื้องต้น: ตรวจเส้นทางอำนวยการจราจร ติดตั้งป้สยเตือน",
        "time": "2026-10-07T14:54:04.876009+00:00",
        "source": "iTIC/Longdo"
      }
    },
    {
      "type": "Feature",
      "geometry": {
        "type": "Point",
        "coordinates": [
          100.70113671851,
          13.723386298468
        ]
      },
      "properties": {
        "name": "น้ำท่วมทางหลวง 3902 ช่วงคู้บอน - ประเวศ (ผ่านได้)",
        "description": "น้ำท่วมทาง ทางหลวงหมายเลข 3902 ช่วงคู้บอน - ประเวศ กม.ที่ 53+715 - 53+925 ต.ประเวศ อ.ประเวศ จ.กรุงเทพมหานคร\nสาเหตุ: เนื่องจากฝนตกต่อเนื่อง ระดับน้ำในคลองสูง ไม่สามาระบายได้\nการแก้ไขเบื้องต้น: ตรวจเส้นทางอำนวยการจราจร ติดตั้งป้สยเตือน",
        "time": "2026-10-07T14:54:04.876025+00:00",
        "source": "iTIC/Longdo"
      }
    },
    {
      "type": "Feature",
      "geometry": {
        "type": "Point",
        "coordinates": [
          100.62324285507,
          13.950121256819
        ]
      },
      "properties": {
        "name": "น้ำท่วมทางหลวง 3312 ช่วงสนามกีฬาธูปเตมีย์ - ลำลูกกา (ผ่านได้)",
        "description": "น้ำท่วมขังผิวจราจร ทางหลวงหมายเลข 3312 ช่วงสนามกีฬาธูปเตมีย์ - ลำลูกกา กม.ที่ 0+000 - 12+348 ต.คูคต อ.ลำลูกกา จ.ปทุมธานี\nสาเหตุ: ฝนตกหนักต่อเนื่อง น้ำระบายไม่ทัน เอ่อล้นท่วมขังผิวจราจร\nการแก้ไขเบื้องต้น: จัดชุดปฏิบัติงาน เข้าประจำจุด ติดตั้งป้ายเตือน",
        "time": "2026-10-07T14:54:04.876040+00:00",
        "source": "iTIC/Longdo"
      }
    },
    {
      "type": "Feature",
      "geometry": {
        "type": "Point",
        "coordinates": [
          101.3583364,
          14.0585247
        ]
      },
      "properties": {
        "name": "น้ำท่วมทางหลวง 319 ช่วงหนองชะอม - ปราจีนบุรี (ผ่านไม่ได้)",
        "description": "น้ำท่วม ทล.319 ระหว่างกม.11+400 - กม.12+063  สำนักงานฯ  บ้านพักแขวงฯ จุดกลับรถใต้สะพานแขวงฯ ทางหลวงหมายเลข 319 ช่วงหนองชะอม - ปราจีนบุรี กม.ที่ 11+400 - 12+063 ต.หน้าเมือง อ.เมืองปราจีนบุรี จ.ปราจีนบุรี\nสาเหตุ: เนื่องจากมีฝนตกหนัก เป็นระยะเวลาติดต่อกัน\nการแก้ไขเบื้องต้น: ติดตั้งป้ายเตือนน้ำท่วม และ เจ้าหน้าที่หมวดฯเนินหอมคอยเฝ้าระวังเพื่ออำนวยความปลอดภัยแก่ผู้ใช้เส้นทาง",
        "time": "2026-10-07T14:54:04.876056+00:00",
        "source": "iTIC/Longdo"
      }
    },
    {
      "type": "Feature",
      "geometry": {
        "type": "Point",
        "coordinates": [
          101.510283,
          14.077498
        ]
      },
      "properties": {
        "name": "น้ำท่วมทางหลวง 33 ช่วงประจันตคาม - พระปรง (ผ่านได้)",
        "description": "น้ำท่วม ทล.33 กม.169+571-170+800 ทางหลวงหมายเลข 33 ช่วงประจันตคาม - พระปรง กม.ที่ 169+571 - 170+800 ต.โพธิ์งาม อ.ประจันตคาม จ.ปราจีนบุรี\nสาเหตุ: ฝนตกหนักต่อเนื่องเป็นเวลานาน\nการแก้ไขเบื้องต้น: หมวดทางหลวงประจันตคาม ติดตั้งป้ายเตือนน้ำท่วม และปักหลักขาว - แดง เพื่อบอกแนวไหล่ทาง อำนวยความปลอดภัยแก่ผู้ใช้เส้นทาง",
        "time": "2026-10-07T14:54:04.876071+00:00",
        "source": "iTIC/Longdo"
      }
    },
    {
      "type": "Feature",
      "geometry": {
        "type": "Point",
        "coordinates": [
          101.50909535797,
          14.079854344859
        ]
      },
      "properties": {
        "name": "น้ำท่วมทางหลวง 33 ช่วงจิกสูง - ประจันตคาม (ผ่านได้)",
        "description": "น้ำท่วม ทางหลวงหมายเลข 33 ช่วงจิกสูง - ประจันตคาม กม.ที่ 169+300 - 169+571 ต.โพธิ์งาม อ.ประจันตคาม จ.ปราจีนบุรี\nสาเหตุ: เนื่องจากมีฝนตกหนักเป็นระยะเวลาติดต่อกัน\nการแก้ไขเบื้องต้น: มีรถ ยิบซี ของทหารหน่วยจิตอาสาคอยรับส่งผู้ประสบภัยจากน้ำท่วมของทหารหน่วยจิตอาสาคอยรับส่ง ผู้ที่ต้องการอพยพจากน้ำท่วม",
        "time": "2026-10-07T14:54:04.876102+00:00",
        "source": "iTIC/Longdo"
      }
    },
    {
      "type": "Feature",
      "geometry": {
        "type": "Point",
        "coordinates": [
          100.73158627704,
          13.818986122815
        ]
      },
      "properties": {
        "name": "น้ำท่วมทางหลวง 304 ช่วงแยกเข้ามีนบุรี - คลองหลวงแพ่ง (ผ่านได้)",
        "description": "น้ำท่วมเขตทางหลวง(สะพานสามวา-แยกนิมิตรใหม่) ทางหลวงหมายเลข 304 ช่วงแยกเข้ามีนบุรี - คลองหลวงแพ่ง กม.ที่ 27+770 - 29+050 ต.มีนบุรี อ.มีนบุรี จ.กรุงเทพมหานคร\nสาเหตุ: เนื่องจากฝนตกหนักต่อเนื่องไม่สามารถระบายน้ำได้\nการแก้ไขเบื้องต้น: รอการระบายน้ำ (รถกระบะและรถเล็กสามารถสัญจรผ่านได้  บริเวณแยกนิมิตรใหม่ด้านขาเข้าและขาออก )",
        "time": "2026-10-07T14:54:04.876138+00:00",
        "source": "iTIC/Longdo"
      }
    },
    {
      "type": "Feature",
      "geometry": {
        "type": "Point",
        "coordinates": [
          100.70762799279,
          14.06705457714
        ]
      },
      "properties": {
        "name": "น้ำท่วมทางหลวง 3214 ช่วงบ้านพร้าว - คลองห้า (ผ่านได้)",
        "description": "นำ้ท่วมขังบนผิวจราจร ทางหลวงหมายเลข 3214 ช่วงบ้านพร้าว - คลองห้า กม.ที่ 14+600 - 14+800 ต.คลองห้า อ.คลองหลวง จ.ปทุมธานี\nสาเหตุ: ฝนตกหนักทำให้มีปริมาณน้ำท่วมขังบนผิวจราจรจำนวนมาก\nซึ่งระบบระบายน้ำเดิมไม่เพียงพอต่อการระบายน้ำในปริมาณมาก\nการแก้ไขเบื้องต้น: เจ้าหน้าที่หมวดฯดำเนินการตรวจสายทางในความรับผิดชอบเฝ้าระวังปริมาณน้ำที่เพิ่มขึ้น",
        "time": "2026-10-07T14:54:04.876155+00:00",
        "source": "iTIC/Longdo"
      }
    },
    {
      "type": "Feature",
      "geometry": {
        "type": "Point",
        "coordinates": [
          100.62645614147,
          13.92660743478
        ]
      },
      "properties": {
        "name": "น้ำท่วมทางหลวง 1 ช่วงแยกคปอ. - สนามกีฬาธูปะเตมีย์ (ผ่านได้)",
        "description": "น้ำท่วมขังผิวจราจร ทางหลวงหมายเลข 1 ช่วงแยกคปอ. - สนามกีฬาธูปะเตมีย์ กม.ที่ 24+700 - 27+710 ต.สีกัน อ.ดอนเมือง จ.กรุงเทพมหานคร\nสาเหตุ: ฝนตกหนักต่อเนื่อง น้ำระบายไม่ทัน เอ่อท่วมขึ้นมาบนผิวทาง\nการแก้ไขเบื้องต้น: จัดเจ้าหน้าที่ประจำจุด เร่งประสาน สำนักการระบายน้ำ กทม เร่งระบายน้ำต่อไป",
        "time": "2026-10-07T14:54:04.876172+00:00",
        "source": "iTIC/Longdo"
      }
    },
    {
      "type": "Feature",
      "geometry": {
        "type": "Point",
        "coordinates": [
          100.68609304516,
          13.999946387526
        ]
      },
      "properties": {
        "name": "น้ำท่วมทางหลวง 305 ช่วงต่างระดับรังสิต - วัดนาบุญ (ผ่านได้)",
        "description": "นำ้ท่วมขังบนผิวจราจร ทางหลวงหมายเลข 305 ช่วงต่างระดับรังสิต - วัดนาบุญ กม.ที่ 7+500 - 7+800 ต.บึงยี่โถ อ.ธัญบุรี จ.ปทุมธานี\nสาเหตุ: ฝนตกหนักทำให้มีปริมาณน้ำท่วมขังบนผิวจราจรจำนวนมาก\nซึ่งระบบระบายน้ำเดิมไม่เพียงพอต่อการระบายน้ำในปริมาณมาก\nการแก้ไขเบื้องต้น: เจ้าหน้าที่หมวดฯดำเนินการตรวจสายทางในความรับผิดชอบเฝ้าระวังปริมาณน้ำที่เพิ่มขึ้น",
        "time": "2026-10-07T14:54:04.876187+00:00",
        "source": "iTIC/Longdo"
      }
    },
    {
      "type": "Feature",
      "geometry": {
        "type": "Point",
        "coordinates": [
          100.67087594318,
          13.996566498096
        ]
      },
      "properties": {
        "name": "น้ำท่วมทางหลวง 305 ช่วงต่างระดับรังสิต - วัดนาบุญ (ผ่านได้)",
        "description": "น้ำท่วมขังบนผิวจราจร ทางหลวงหมายเลข 305 ช่วงต่างระดับรังสิต - วัดนาบุญ กม.ที่ 5+900 - 6+100 ต.บึงยี่โถ อ.ธัญบุรี จ.ปทุมธานี\nสาเหตุ: ฝนตกหนักทำให้มีปริมาณน้ำท่วมขังบนผิวจราจรจำนวนมาก\nซึ่งระบบระบายน้ำเดิมไม่เพียงพอต่อการระบายน้ำในปริมาณมาก\nการแก้ไขเบื้องต้น: เจ้าหน้าที่หมวดฯดำเนินการตรวจสายทางในความรับผิดชอบเฝ้าระวังปริมาณน้ำที่เพิ่มขึ้น",
        "time": "2026-10-07T14:54:04.876202+00:00",
        "source": "iTIC/Longdo"
      }
    },
    {
      "type": "Feature",
      "geometry": {
        "type": "Point",
        "coordinates": [
          100.67669928074,
          13.997869128814
        ]
      },
      "properties": {
        "name": "น้ำท่วมทางหลวง 305 ช่วงต่างระดับรังสิต - วัดนาบุญ (ผ่านได้)",
        "description": "นำ้ท่วมขังบนผิวจราจร ทางหลวงหมายเลข 305 ช่วงต่างระดับรังสิต - วัดนาบุญ กม.ที่ 6+500 - 6+600 ต.บึงยี่โถ อ.ธัญบุรี จ.ปทุมธานี\nสาเหตุ: ฝนตกหนักทำให้มีปริมาณน้ำท่วมขังบนผิวจราจรจำนวนมาก\nซึ่งระบบระบายน้ำเดิมไม่เพียงพอต่อการระบายน้ำในปริมาณมาก\nการแก้ไขเบื้องต้น: เจ้าหน้าที่หมวดฯดำเนินการตรวจสายทางในความรับผิดชอบเฝ้าระวังปริมาณน้ำที่เพิ่มขึ้น",
        "time": "2026-10-07T14:54:04.876217+00:00",
        "source": "iTIC/Longdo"
      }
    },
    {
      "type": "Feature",
      "geometry": {
        "type": "Point",
        "coordinates": [
          100.79374551773,
          13.948449059154
        ]
      },
      "properties": {
        "name": "น้ำท่วมทางหลวง 3312 ช่วงลำลูกกา - คลอง16 (ผ่านได้)",
        "description": "น้ำท่วมขังผิวจราจรทล.3312 ทางหลวงหมายเลข 3312 ช่วงลำลูกกา - คลอง16 กม.ที่ 17+000 - 17+400 ต.บึงทองหลาง อ.ลำลูกกา จ.ปทุมธานี\nสาเหตุ: เนื่องจากเกิดฝนตกหนักติดต่อกันเป็นเวลานาน ทำให้เกิดน้ำขังบนผิวจราจร ปริมาณน้ำรอการระบาย\nการแก้ไขเบื้องต้น: จัดเจ้าหน้าที่อำนวยความสะดวกและติดตั้งป้ายเตือน",
        "time": "2026-10-07T14:54:04.876233+00:00",
        "source": "iTIC/Longdo"
      }
    },
    {
      "type": "Feature",
      "geometry": {
        "type": "Point",
        "coordinates": [
          100.74910371459,
          14.044677853609
        ]
      },
      "properties": {
        "name": "น้ำท่วมทางหลวง 352 ช่วงธัญบุรี - คลองระพีพัฒน์ (ผ่านได้)",
        "description": "น้ำท่วมขังผิวจราจร ทล.352 ทางหลวงหมายเลข 352 ช่วงธัญบุรี - คลองระพีพัฒน์ กม.ที่ 3+650 - 3+750 ต.คลองเจ็ด อ.คลองหลวง จ.ปทุมธานี\nสาเหตุ: เนื่องจากเกิดฝนตกหนักติดต่อกันเป็นเวลานาน ทำให้เกิดน้ำท่วมขังบนผิวจราจร ปริมาณน้ำรอการระบาย\nการแก้ไขเบื้องต้น: เจ้าหน้าที่หมวดทางหลวงหนองเสือ นำเครื่องจักรเข้าดำเนินการขุดลอกร่องระบายน้ำ และอำนวยการจราจรให้แก่ประชาชน",
        "time": "2026-10-07T14:54:04.876248+00:00",
        "source": "iTIC/Longdo"
      }
    },
    {
      "type": "Feature",
      "geometry": {
        "type": "Point",
        "coordinates": [
          100.92961720229,
          13.643638549074
        ]
      },
      "properties": {
        "name": "น้ำท่วม ต.บางพลีน้อย",
        "description": "ต.บางพลีน้อย อ.บางบ่อ จ.สมุทรปราการ รายงานโดย Somboon Bampenkit",
        "time": "2026-10-07T14:54:04.876263+00:00",
        "source": "iTIC/Longdo"
      }
    },
    {
      "type": "Feature",
      "geometry": {
        "type": "Point",
        "coordinates": [
          100.5781013,
          13.8864031
        ]
      },
      "properties": {
        "name": "น้ำท่วมทางหลวง 304 ช่วงคลองประปา - คันนายาว (ผ่านได้)",
        "description": "น้ำท่วมเขตทางหลวง ทางหลวงหมายเลข 304 ช่วงคลองประปา - คันนายาว กม.ที่ 8+400 - 8+400 ต.ทุ่งสองห้อง อ.หลักสี่ จ.กรุงเทพมหานคร\nสาเหตุ: ฝนตกปริมาณมากทำให้การระบายน้ำไม่ทันจึงเกิดน้ำท่วมขัง\nการแก้ไขเบื้องต้น: เจ้าหน้าทีหมวดทางหลวงหลักสี่ดำเนินการเดินเครื่องสูบน้ำเพื่อทำการระบายน้ำ",
        "time": "2026-10-07T14:54:04.876279+00:00",
        "source": "iTIC/Longdo"
      }
    },
    {
      "type": "Feature",
      "geometry": {
        "type": "Point",
        "coordinates": [
          101.38259961471,
          13.714265714733
        ]
      },
      "properties": {
        "name": "น้ำท่วมทางหลวง 3076 ช่วงวังขอน - สี่แยกนาน้อย (ผ่านไม่ได้)",
        "description": "น้ำท่วมผิวจราจร ทางหลวงหมายเลข 3076 ช่วงวังขอน - สี่แยกนาน้อย กม.ที่ 54+400 - 69+000 ต.เกาะขนุน อ.พนมสารคาม จ.ฉะเชิงเทรา\nสาเหตุ: ฝนตกตลอดทั้งวันทำให้น้ำท่วมผิวจราจร\nการแก้ไขเบื้องต้น: เจ้าหน้าที่หมวดทางหลวงบางคล้าอำนวยความสะดวก",
        "time": "2026-10-07T14:54:04.876294+00:00",
        "source": "iTIC/Longdo"
      }
    },
    {
      "type": "Feature",
      "geometry": {
        "type": "Point",
        "coordinates": [
          101.24142805055,
          13.618466105326
        ]
      },
      "properties": {
        "name": "น้ำท่วมทางหลวง 3121 ช่วงบางคล้า - แปลงยาว (ผ่านไม่ได้)",
        "description": "น้ำท่วมผิวจราจร ทางหลวงหมายเลข 3121 ช่วงบางคล้า - แปลงยาว กม.ที่ 0+000 - 15+300 ต.แปลงยาว อ.แปลงยาว จ.ฉะเชิงเทรา\nสาเหตุ: ฝนตกตลอดทั้งวัน ทำให้น้ำท่วมผิวจราจร รอการระบายน้ำ\nการแก้ไขเบื้องต้น: เจ้าหน้าที่หมวดทางหลวงบางคล้าอำนวยความสะดวก ปิดทางกม\n.4+100 - 12+600",
        "time": "2026-10-07T14:54:04.876309+00:00",
        "source": "iTIC/Longdo"
      }
    },
    {
      "type": "Feature",
      "geometry": {
        "type": "Point",
        "coordinates": [
          100.67131681861,
          13.99670309476
        ]
      },
      "properties": {
        "name": "น้ำท่วมทางหลวง 305 ช่วงต่างระดับรังสิต - วัดนาบุญ (ผ่านได้)",
        "description": "น้ำท่วมขังผิวจราจรรอระบาย ทางหลวงหมายเลข 305 ช่วงต่างระดับรังสิต - วัดนาบุญ กม.ที่ 6+025 - 6+200 ต.บึงยี่โถ อ.ธัญบุรี จ.ปทุมธานี\nสาเหตุ: ฝนตกหนักเป็นระยะเวลานาน ระดับน้ำสาธารหนุนสูง\nการแก้ไขเบื้องต้น: เก็บขยะที่กีดขวางทางน้ำ ติดตั้งเครื่องสูบน้ำช่วยระบาย",
        "time": "2026-10-07T14:54:04.876324+00:00",
        "source": "iTIC/Longdo"
      }
    },
    {
      "type": "Feature",
      "geometry": {
        "type": "Point",
        "coordinates": [
          100.55644649893,
          14.005078743498
        ]
      },
      "properties": {
        "name": "น้ำท่วมทางหลวง 346 ช่วงแยกบางพูน - แยกบ้านกลาง (ผ่านได้)",
        "description": "น้ำท่วมขัง ทล.346 ทางหลวงหมายเลข 346 ช่วงแยกบางพูน - แยกบ้านกลาง กม.ที่ 6+900 - 7+495 ต.บ้านกลาง อ.เมืองปทุมธานี จ.ปทุมธานี\nสาเหตุ: ฝนตกหนักน้ำรอระบาย1-2ช่องจราจร ระดับน้ำรอระบายประมาณ 10-15 ซม.\nการแก้ไขเบื้องต้น:",
        "time": "2026-10-07T14:54:04.876340+00:00",
        "source": "iTIC/Longdo"
      }
    },
    {
      "type": "Feature",
      "geometry": {
        "type": "Point",
        "coordinates": [
          100.7442479533,
          13.81715122443
        ]
      },
      "properties": {
        "name": "น้ำท่วมทางหลวง 304 ช่วงแยกเข้ามีนบุรี - คลองหลวงแพ่ง (ผ่านได้)",
        "description": "น้ำท่วมเขตทางหลวง(แยกรามคำแหง-สะพานคลองตะโหนด) ทางหลวงหมายเลข 304 ช่วงแยกเข้ามีนบุรี - คลองหลวงแพ่ง กม.ที่ 29+300 - 30+950 ต.แสนแสบ อ.มีนบุรี จ.กรุงเทพมหานคร\nสาเหตุ: เนื่องมีฝนตกหนักต่อเนื่องทำให้น้ำท่วมขัง\nการแก้ไขเบื้องต้น: รอการระบายน้ำ (รถกระบะยกสูงสามารถสัญจรผ่านได้)",
        "time": "2026-10-07T14:54:04.876355+00:00",
        "source": "iTIC/Longdo"
      }
    },
    {
      "type": "Feature",
      "geometry": {
        "type": "Point",
        "coordinates": [
          100.917734,
          14.4991885
        ]
      },
      "properties": {
        "name": "น้ำท่วมทางหลวง 1 ช่วงปากข้าวสาร - แยกสวนพฤกษศาสตร์พุแค (ผ่านได้)",
        "description": "น้ำท่วมผิวจราจร ทางหลวงหมายเลข 1 ช่วงปากข้าวสาร - แยกสวนพฤกษศาสตร์พุแค กม.ที่ 104+300 - 104+500 ต.ปากข้าวสาร อ.เมืองสระบุรี จ.สระบุรี\nสาเหตุ: เนื่องจากฝนตกหนักทำให้น้ำจากในค่ายทหารศูนย์การทหารม้าไหลลงมาท่วมบนทางหลวง\nการแก้ไขเบื้องต้น: เจ้าหน้าที่หมวดฯ เฉลิมพระเกียรติดำเนินการติดตั้งป้ายเตือน วางกรวยยาง เพื่ออำนวยความสะดวกด้านการจราจร",
        "time": "2026-10-07T14:54:04.876370+00:00",
        "source": "iTIC/Longdo"
      }
    },
    {
      "type": "Feature",
      "geometry": {
        "type": "Point",
        "coordinates": [
          100.50423189998,
          13.751197946507
        ]
      },
      "properties": {
        "name": "เบี่ยงจราจร ถนนมหาไชย",
        "description": "รฟม. แจ้งปิดเบี่ยงจราจรถนนมหาไชย บริเวณร้าน Praew Bakery ถึง ร้าน โต ซาลาเปา เพื่อดำเนินการขุดดิน สำหรับงานขุดเจาะอุโมงค์ โครงการรถไฟฟ้าสายสีม่วงฯ วันที่ 15 กันยายน - 31 ตุลาคม 2569 ตลอด 24 ชั่วโมง มีผลให้บริเวณปิดเบี่ยง สามารถสัญจรได้ 2 ช่องจราจร\r\n\r\nCr. โครงการรถไฟฟ้าสายสีม่วงฯ",
        "time": "2026-10-07T14:54:04.876387+00:00",
        "source": "iTIC/Longdo"
      }
    },
    {
      "type": "Feature",
      "geometry": {
        "type": "Point",
        "coordinates": [
          100.5128069222,
          13.756532297115
        ]
      },
      "properties": {
        "name": "เบี่ยงจราจร ถนนหลานหลวง",
        "description": "รฟม. แจ้งปิดเบี่ยงการจราจรเพิ่มเติม บนถนนหลานหลวง บริเวณซอยหลานหลวง 3 ถึงบริเวณซอยหลานหลวง 1 เพื่อดำเนินงานก่อสร้าง สถานีหลานหลวง (OR06) โครงการรถไฟฟ้าสายสีส้ม ช่วงบางขุนนนท์ - ศูนย์วัฒนธรรมแห่งประเทศไทย ตั้งแต่วันที่ 16 กันยายน 2569 เวลา 22:00 น. – 31 ตุลาคม 2569 เวลา 24:00 น. (ตลอด 24 ชั่วโมง)\r\n\r\nCr.FM91",
        "time": "2026-10-07T14:54:04.876403+00:00",
        "source": "iTIC/Longdo"
      }
    },
    {
      "type": "Feature",
      "geometry": {
        "type": "Point",
        "coordinates": [
          100.5206926167,
          13.797529135148
        ]
      },
      "properties": {
        "name": "เบี่ยงจราจร ถนนทหาร",
        "description": "สำนักการโยธา แจ้งปิดเบี่ยงการจราจร ถนนทหาร ฝั่งหน้าศูนย์ราชการฯ อาคารข้าราชบริพาร 904 และกรมอุตสาหกรรมทหาร ระยะทาง 180 เมตร เพื่อดําเนินงานเสาเข็ม ฐานราก และเสาตอม่อ โครงการก่อสร้างสะพานข้ามแม่น้ำเจ้าพระยา บริเวณแยกเกียกกาย ช่วงที่ 3 ตั้งแต่วันที่ 10 ก.ย. 69 เป็นต้นไป ตลอด 24 ชม.\r\n\r\nCr.สำนักการโยธา กรุงเทพมหานคร",
        "time": "2026-10-07T14:54:04.876419+00:00",
        "source": "iTIC/Longdo"
      }
    },
    {
      "type": "Feature",
      "geometry": {
        "type": "Point",
        "coordinates": [
          100.53500622511,
          13.752129349817
        ]
      },
      "properties": {
        "name": "เบี่ยงจราจร ถนนเพชรบุรี",
        "description": "รฟม. แจ้งปิดเบี่ยงการจราจรเพิ่มเติมบนถนนเพชรบุรี บริเวณซอยเพชรบุรี 13/1 ถึงบริเวณซอยเพชรบุรี 15 และบริเวณซอยเพชรบุรี 20/1 เพื่อดำเนินงานก่อสร้างกำแพงกันดิน (Diaphragm Wall)  และงานติดตั้ง Temporary Deck สถานีประตูน้ำ (OR09) โครงการรถไฟฟ้าสายสีส้ม ช่วงบางขุนนนท์ - ศูนย์วัฒนธรรมแห่งประเทศไทย ตั้งแต่วันที่ 8 กันยายน 2569 เวลา 22.00 น. – 7 พฤศจิกายน 2569 เวลา 24.00 น. ตลอด 24 ชั่วโมง\r\n\r\nCr.FM91",
        "time": "2026-10-07T14:54:04.876436+00:00",
        "source": "iTIC/Longdo"
      }
    },
    {
      "type": "Feature",
      "geometry": {
        "type": "Point",
        "coordinates": [
          100.5309855938,
          13.75344242679
        ]
      },
      "properties": {
        "name": "เบี่ยงจราจร ถนนเพชรบุรี",
        "description": "รฟม. แจ้งปิดเบี่ยงการจราจรเพิ่มเติมถนนเพชรบุรี บริเวณแยกราชเทวี ถึง บริเวณ Mo Hotel เพื่อดำเนินการก่อสร้างกำแพงกันดิน (DIAPHRAGM WALL) ของสถานีราชเทวี (OR08) โครงการรถไฟฟ้าสายสีส้มฯ ตั้งแต่วันที่ 21ส.ค. - 10 ต.ค. 2569 ตลอด 24 ชั่วโมง\r\n\r\nCr. โครงการรถไฟฟ้าสายสีส้ม",
        "time": "2026-10-07T14:54:04.876452+00:00",
        "source": "iTIC/Longdo"
      }
    },
    {
      "type": "Feature",
      "geometry": {
        "type": "Point",
        "coordinates": [
          100.54240643978,
          13.758609990522
        ]
      },
      "properties": {
        "name": "เบี่ยงจราจร ถนนราชปรารภ",
        "description": "รฟม. แจ้งปิดเบี่ยงการจราจรเพิ่มเติมถนนราชปรารภ บริเวณซอยราชปรารภ 16 ถึง บริเวณซอยราชปรารภ 14 เพื่อดำเนินงานติดตั้ง Temporary Deck สถานีราชปรารภ (OR10) โครงการรถไฟฟ้าสายสีส้ม ช่วงบางขุนนนท์ – ศูนย์วัฒนธรรมแห่งประเทศไทย ตั้งแต่วันที่ 15 สิงหาคม 2569 เวลา 22.00 น. – 31 ตุลาคม 2569 เวลา 24.00 น. ตลอด 24 ชั่วโมง\r\n\r\nCr. โครงการรถไฟฟ้าสายสีส้ม",
        "time": "2026-10-07T14:54:04.876468+00:00",
        "source": "iTIC/Longdo"
      }
    },
    {
      "type": "Feature",
      "geometry": {
        "type": "Point",
        "coordinates": [
          100.49719646573,
          13.762913818362
        ]
      },
      "properties": {
        "name": "เบี่ยงจราจร ถนนพระสุเมรุ",
        "description": "รฟม. แจ้งปิดเบี่ยงการจราจรเพิ่มเติม ถนนพระสุเมรุ บริเวณกลุ่มงานตกแต่ง สำนักการโยธา ถึง THE GEMS MALL เพื่อดำเนินการก่อสร้างสถานีอนุสาวรีย์ประชาธิปไตยโครงการรถไฟฟ้าสายสีม่วง ช่วงเตาปูน - ราษฎร์บูรณะ (วงแหวนกาญจนาภิเษก) ตั้งแต่วันที่ 1 สิงหาคม 2569 - 31 มกราคม 2570 ตลอด 24 ชั่วโมง\r\n\r\nCr.โครงการรถไฟฟ้าสายสีม่วง",
        "time": "2026-10-07T14:54:04.876484+00:00",
        "source": "iTIC/Longdo"
      }
    },
    {
      "type": "Feature",
      "geometry": {
        "type": "Point",
        "coordinates": [
          100.54972350597,
          13.766906251295
        ]
      },
      "properties": {
        "name": "เบี่ยงจราจร ทางพิเศษศรีรัช",
        "description": "รฟม. แจ้งปิดเบี่ยงการจราจรบริเวณพื้นที่เกาะกลาง เชิงทางลง ด่านดินแดง ขาออก ทางพิเศษเฉลิมมหานคร เพื่อดำเนินงานก่อสร้างอาคารปล่องระบายอากาศที่ 6 (IVS06) โครงการรถไฟฟ้าสายสีส้ม ช่วงบางขุนนนท์ - ศูนย์วัฒนธรรมแห่งประเทศไทย ตั้งแต่วันที่ 17 พฤษภาคม 2569 เวลา 22.00 น. – วันที่ 30 ธันวาคม 2571 เวลา 24.00 น. (ตลอด 24 ชั่วโมง)\r\n\r\nCr.FM91",
        "time": "2026-10-07T14:54:04.876500+00:00",
        "source": "iTIC/Longdo"
      }
    },
    {
      "type": "Feature",
      "geometry": {
        "type": "Point",
        "coordinates": [
          100.54467827082,
          13.763279848492
        ]
      },
      "properties": {
        "name": "เบี่ยงจราจร ถนนดินแดง",
        "description": "รฟม.แจ้งปิดเบี่ยงการจราจรถนนดินแดง บริเวณแยกสามเหลี่ยมดินแดง ถึง ซอยบุญชูศรี เพื่อดำเนินงานเสริมความแข็งแรงฐานรากสะพานข้ามแยกสามเหลี่ยมดินแดง (Underpin) โครงการรถไฟฟ้าสายสีส้ม ช่วงบางขุนนนท์ - ศูนย์วัฒนธรรมฯ วันที่ 7 พ.ค.69 เวลา 22.00 น. – 20 ธ.ค.69 เวลา 24.00 น. (ตลอด 24ชม.)\r\n\r\nCr. @Traffic_1197",
        "time": "2026-10-07T14:54:04.876516+00:00",
        "source": "iTIC/Longdo"
      }
    },
    {
      "type": "Feature",
      "geometry": {
        "type": "Point",
        "coordinates": [
          100.53194582462,
          13.75316365908
        ]
      },
      "properties": {
        "name": "ถนนปิด สะพานข้ามแยกราชเทวี",
        "description": "ปิดสะพานข้ามแยกราชเทวี วันที่ 17 ม.ค. 68 ตั้งแต่เวลา 22.00 น. เป็นต้นไป ตลอด 24 ชม. จนถึงวันที่ 30 เม.ย. 71 เพื่อดำเนินการก่อสร้างสถานีรถไฟฟ้าใต้ดินราชเทวี\r\n\r\n- แนะหลีกเลี่ยงเส้นทาง และเผื่อเวลาในการเดินทาง",
        "time": "2026-10-07T14:54:04.876533+00:00",
        "source": "iTIC/Longdo"
      }
    },
    {
      "type": "Feature",
      "geometry": {
        "type": "Point",
        "coordinates": [
          100.50527527928,
          13.673681809899
        ]
      },
      "properties": {
        "name": "เบี่ยงจราจร ถนนสุขสวัสดิ์",
        "description": "รฟม. แจ้งปิดเบี่ยงจราจร ฝั่งขาเข้าและขาออก 1 ช่องจราจร ชิดเกาะกลาง บนถนนสุขสวัสดิ์ บริเวณซอยสุขสวัสดิ์ 46 ถึง คลองราษฎร์บูรณะ  ระยะทางประมาณ 200 เมตร เพื่องานก่อสร้างสถานีแยกประชาอุทิศ โครงการรถไฟฟ้าสายสีม่วง ช่วงเตาปูน - ราษฎร์บูรณะ (วงแหวนกาญจนาภิเษก) ระหว่างวันที่ 8 ธันวาคม 2565 – 31 กรกฎาคม  2570 ตั้งแต่เวลา 22.00 น. เป็นต้นไป ตลอด 24 ชั่วโมง\r\n\r\nCr.FM91",
        "time": "2026-10-07T14:54:04.876548+00:00",
        "source": "iTIC/Longdo"
      }
    },
    {
      "type": "Feature",
      "geometry": {
        "type": "Point",
        "coordinates": [
          100.48329024137,
          13.688601478358
        ]
      },
      "properties": {
        "name": "ปิดเบี่ยงจราจร ถนนสุขสวัสดิ์",
        "description": "รฟม. แจ้งปิดเบี่ยงจราจร ฝั่งขาเข้าและขาออก 1 ช่องจราจร ชิดเกาะกลาง บริเวณซอยสุขสวัสดิ์5 ถนนสุขสวัสดิ์ ระหว่างวันที่ 6 ธันวาคม 2565 - 20 ตุลาคม 2570 ตั้งแต่เวลา 22.00 น. เป็นต้นไป ตลอด 24 ชั่วโมง\r\n\r\nCr. @GCC_1111",
        "time": "2026-10-07T14:54:04.876564+00:00",
        "source": "iTIC/Longdo"
      }
    },
    {
      "type": "Feature",
      "geometry": {
        "type": "Point",
        "coordinates": [
          100.52486881614,
          13.644322561628
        ]
      },
      "properties": {
        "name": "เบี่ยงจราจร ถนนสุขสวัสดิ์",
        "description": "รฟม. แจ้งปิดเบี่ยงจราจร ฝั่งขาเข้าและขาออก 1 ช่องจราจรชิดเกาะกลาง บนถนนสุขสวัสดิ์ บริเวณซอยสุขสวัสดิ์ 43 ถึง ซอยสุขสวัสดิ์ 45 ระยะทางประมาณ 330 เมตร เพื่อดำเนินงานก่อสร้างสถานีครุใน โครงการรถไฟฟ้าสายสีม่วง ช่วงเตาปูน - ราษฎร์บูรณะ (วงแหวนกาญจนาภิเษก) ระหว่างวันที่ 1 ธันวาคม 2565 – 20 ตุลาคม 2570 ตั้งแต่เวลา 22.00 น. เป็นต้นไป ตลอด 24 ชั่วโมง\r\n\r\nCr.FM91",
        "time": "2026-10-07T14:54:04.876580+00:00",
        "source": "iTIC/Longdo"
      }
    }
  ]
}